Course #,Category,Course Title,What This Course Is About,What You Can Do After Completing This Course,Core Concept or Project Built,5 Key Topics Covered,Duration,Level
1,How the Web Works,How the Internet Actually Works,Learn what really happens when you open a browser and type a URL,"You will be able to explain the full journey of a web request from your device to a server and back, and trace errors in that journey","Internet infrastructure, ISPs, DNS resolution, IP addresses, data packets",Build a diagram of a full web request and explain every step to someone else,2 hours,Foundation
2,How the Web Works,What a Web Browser Really Does,"Understand the engine behind Chrome, Firefox, and Edge — and why websites look different across them",You will understand how a browser parses and renders HTML CSS and JavaScript and why the same code can look different in different browsers,"Browser engine, rendering pipeline, DOM construction, layout and paint, JavaScript execution",Inspect a real website using browser dev tools and explain what the browser is doing at each stage,3 hours,Foundation
3,How the Web Works,HTML: The Skeleton of Every Website,Learn what HTML is how the browser reads it and how to write it from scratch,You will build a complete multi-page website using only HTML with headings paragraphs links images forms and tables,"HTML structure, tags and attributes, semantic HTML, forms, tables, links and images",Build a 5-page personal profile website with a contact form using only HTML,4 hours,Beginner
4,How the Web Works,CSS: Making Websites Beautiful From Zero,Understand how CSS talks to HTML and how to use it to style anything on a page,You will be able to style any HTML element change colours fonts sizes spacing layout and make a page look professional,"Selectors and properties, box model, colours and fonts, spacing, borders, display and positioning",Style your HTML personal website completely using CSS so it looks like a real product,5 hours,Beginner
5,How the Web Works,CSS Flexbox: Mastering Modern Layouts,Learn the Flexbox system that replaced floats and hacks for building responsive layouts,You will be able to create any horizontal or vertical layout arrangement using Flexbox without struggling with positioning,"Flex container and flex items, main axis vs cross axis, justify-content, align-items, flex-wrap, gap",Build a product card grid layout and a navigation bar using only Flexbox,4 hours,Beginner
6,How the Web Works,CSS Grid: Building Two-Dimensional Layouts,Learn Grid layout to build complex page structures that Flexbox cannot handle alone,You will be able to design full page layouts with rows and columns that adapt to any screen size,"Grid container and items, grid-template-columns and rows, grid areas, auto-fill and auto-fit, gap",Build a full magazine-style page layout with header sidebar main and footer using CSS Grid,4 hours,Beginner
7,How the Web Works,Responsive Web Design: Every Screen Every Size,Learn how to make any website look good on mobile tablet and desktop,You will be able to write CSS that automatically adapts to any screen size using media queries and relative units,"Viewport meta tag, media queries, rem and em units, responsive images, mobile-first design",Convert a desktop-only website into a fully responsive website that works on all screen sizes,5 hours,Beginner
8,How the Web Works,JavaScript Basics: Making Web Pages Think,Understand what JavaScript is how the browser runs it and how to write your first programs,You will be able to write JavaScript that manipulates a web page responds to user actions and performs calculations,"Variables and data types, operators, if statements, loops, functions, browser console",Build an interactive quiz app that asks questions checks answers and shows a score,6 hours,Beginner
9,How the Web Works,The DOM: How JavaScript Controls HTML,Learn how JavaScript reaches into a web page and changes it dynamically without reloading,You will be able to select any HTML element from JavaScript and change its content style or behaviour in real time,"Document object model, querySelector, innerHTML, style manipulation, event listeners, createElement",Build a live to-do list where tasks are added and removed from the page without refreshing,5 hours,Beginner
10,How the Web Works,HTML Forms: Collecting User Input,Learn how forms work in HTML how data is structured and how to handle what users type or select,You will be able to build any type of form including registration login search and surveys with proper validation,"Input types, labels, required fields, select dropdowns, checkboxes, radio buttons, form submission",Build a complete registration form for a student portal with client-side validation,4 hours,Beginner
11,How the Web Works,How Hosting Works: Getting Your Website Online,Understand what web hosting is how servers store your files and how a domain name connects to them,You will be able to purchase hosting upload a website via cPanel and connect a domain name so anyone in the world can visit your site,"Web servers, cPanel, file manager, FTP, domain name and DNS settings, A records",Deploy a real HTML CSS website to cPanel hosting with a custom domain,3 hours,Beginner
12,How the Web Works,HTTP and HTTPS: How Data Travels Safely,Understand the protocol that every website uses to send and receive data and why HTTPS matters,You will be able to explain every HTTP method read HTTP status codes and understand why SSL certificates make websites safe,"HTTP methods GET POST PUT DELETE, status codes 200 301 404 500, headers, HTTPS and SSL certificates",Use browser DevTools Network tab to inspect real HTTP requests on any website,3 hours,Foundation
13,How the Web Works,APIs Explained: How Apps Talk to Each Other,Understand what an API is how it works and why every modern application depends on them,You will be able to call any public API using JavaScript fetch a response and display the data on a web page,"What an API is, REST API concepts, endpoints and routes, JSON format, fetch() in JavaScript, API keys",Build a weather app that calls a real weather API and displays live temperature and conditions,5 hours,Beginner
14,How the Web Works,JSON: The Language of the Internet,Master JSON the data format that powers every API database and configuration file in modern software,You will be able to read write parse and create JSON data structures and use them in real projects,"JSON syntax, objects and arrays, nested data, JSON.parse and JSON.stringify, reading API responses",Parse a real API response in JSON and display specific data fields on a web page,3 hours,Beginner
15,How the Web Works,How Databases Talk to Websites,Understand the connection between a website a web server and a database and why all three are needed,You will be able to explain the full 3-tier architecture of a web application and trace data from database to screen,"Client server database architecture, what SQL is, how PHP or Node connects to MySQL, query flow",Diagram the full data flow of a login system from form submission to database and back,2 hours,Foundation
16,How the Web Works,Web Storage: Cookies Sessions and LocalStorage,Understand how websites remember you between visits and between pages,You will be able to use localStorage sessionStorage and cookies to store and retrieve data in any web application,"Cookies vs sessions vs localStorage, setting and reading values, expiry, security considerations",Build a shopping cart that remembers items after the browser closes using localStorage,4 hours,Beginner
17,How the Web Works,How Search Engines Find Your Website,Learn how Google and other search engines crawl index and rank websites,You will be able to write SEO-friendly HTML add meta tags create a sitemap and improve any website's search ranking,"Crawlers and indexing, meta title and description, semantic HTML, alt text, sitemap.xml, robots.txt",Optimise a real website for search engines and submit its sitemap to Google Search Console,3 hours,Beginner
18,How the Web Works,Bootstrap 5: Professional UI Without Custom CSS,Learn the world's most popular CSS framework and how it generates professional interfaces instantly,You will be able to build any page layout with Bootstrap 5 components without writing significant custom CSS,"Bootstrap grid system, components library, utility classes, responsive breakpoints, customisation",Build a complete business landing page with navbar hero cards and footer using Bootstrap 5,5 hours,Beginner
19,How the Web Works,How Web Security Works: Protecting Your Site,Understand the most common web attacks and how to prevent them in any web application,You will be able to identify and fix SQL injection XSS CSRF and insecure authentication vulnerabilities in web code,"SQL injection, Cross-Site Scripting XSS, CSRF tokens, password hashing, HTTPS enforcement, input validation",Audit a sample web application for security vulnerabilities and fix each one,4 hours,Intermediate
20,How the Web Works,Web Performance: Why Slow Websites Lose Money,Learn why websites are slow and how to make them fast using proven techniques,You will be able to measure a website's performance score and apply optimisations that improve load time by at least 50%,"PageSpeed score, image optimisation, minification, lazy loading, browser caching, CDNs",Optimise a slow sample website from a 40/100 score to above 85/100 on Google PageSpeed,4 hours,Intermediate
21,How the Web Works,Version Control With Git: Never Lose Your Work Again,Learn Git the tool every developer in the world uses to track code changes and collaborate,You will be able to initialise a Git repo make commits create branches merge code and push to GitHub,"Git init commit push pull branch merge, conflict resolution, .gitignore, GitHub",Version-control a real web project with meaningful commits and push it to a public GitHub repository,5 hours,Beginner
22,How the Web Works,GitHub: Showcasing Your Work to Employers,Learn how to use GitHub to host your code build a portfolio and collaborate with other developers,You will have a complete GitHub profile with at least 3 pinned repositories that demonstrate your skills to employers,"GitHub profile, README files, repository setup, GitHub Pages for free hosting, forking and pull requests",Build a professional GitHub profile and deploy a portfolio website for free using GitHub Pages,4 hours,Beginner
23,How the Web Works,Command Line: Controlling Your Computer Like a Developer,Learn to use the terminal the tool that gives you full control over any computer or server,You will be able to navigate files create directories run scripts and manage a server entirely from the command line,"File navigation, creating and deleting files, permissions, running scripts, SSH into a server",Complete 20 practical terminal tasks including connecting to a remote server via SSH,4 hours,Beginner
24,How the Web Works,How a Web Server Works: Apache and Nginx Explained,Understand what a web server software does how it serves files and how to configure it,You will be able to set up configure and troubleshoot an Apache or Nginx web server on any Linux machine,"Apache vs Nginx, virtual hosts, server blocks, serving static files, SSL certificate installation, .htaccess",Configure a virtual host on Apache that serves a website at a custom domain on a local machine,4 hours,Intermediate
25,How the Web Works,cPanel Mastery: Managing Websites Like a Pro,Learn every feature of cPanel the control panel used by most Nigerian web hosts,You will be able to manage files databases email accounts domains and SSL certificates for any website using cPanel,"File manager, MySQL database creation, phpMyAdmin, email setup, subdomain creation, SSL/TLS",Deploy a complete PHP website with its own database on a real cPanel hosting account,4 hours,Beginner
26,Programming Foundations,Python From Absolute Zero: Your First Real Language,Learn Python the world's most versatile language starting from the very first line of code,You will be able to write Python programs that accept input perform calculations make decisions and display results,"Installing Python, print and input, variables, data types, arithmetic, f-strings",Write a Python program that calculates a student's GPA from their scores and prints a result,4 hours,Beginner
27,Programming Foundations,Python Control Flow: Making Programs That Decide,Master if statements loops and logic in Python so your programs can handle any situation,You will be able to write Python programs that make complex decisions using conditions and repeat actions using loops,"if elif else, comparison operators, logical operators, while loops, for loops, break and continue",Build a number guessing game and a simple grade calculator using control flow,4 hours,Beginner
28,Programming Foundations,Python Functions: Writing Code You Can Reuse,Learn how to organise Python code into functions that do one job perfectly and can be used anywhere,You will be able to break any program into reusable functions with parameters return values and clear names,"Defining functions, parameters and arguments, return values, default arguments, scope, docstrings",Refactor a messy 100-line Python script into clean functions and document each one,4 hours,Beginner
29,Programming Foundations,Python Lists and Dictionaries: Organising Real Data,Master Python's most important data structures to store and manipulate collections of information,You will be able to use lists and dictionaries to store search sort filter and transform any collection of data,"Lists, indexing and slicing, list methods, dictionaries, key-value pairs, nested structures, iteration",Build a student record system that stores names scores and calculates class statistics using lists and dictionaries,5 hours,Beginner
30,Programming Foundations,Python File Handling: Reading and Writing Real Files,Learn how to make Python programs read write and process actual files on your computer,You will be able to open read write and process text files CSV files and JSON files from any Python script,"open() and close(), read and write modes, CSV module, JSON module, error handling with try-except",Build a Python script that reads a CSV of student marks and writes a report to a new file,4 hours,Beginner
31,Programming Foundations,Python OOP: Building Programs That Model the Real World,Understand Object-Oriented Programming in Python by building real things you can touch and understand,You will be able to design classes with attributes and methods create objects and understand inheritance with real examples,"Classes and objects, __init__ method, instance attributes, methods, inheritance, polymorphism",Build a School Management system using classes for Student Teacher and Subject,6 hours,Intermediate
32,Programming Foundations,Python Error Handling: Writing Code That Never Crashes,Learn how to catch and handle errors so your Python programs behave correctly in any situation,You will be able to write Python code that handles any error gracefully shows useful messages and never crashes unexpectedly,"try except finally, specific exception types, raising exceptions, logging errors, defensive programming",Add proper error handling to an existing Python project so it handles all bad inputs gracefully,3 hours,Intermediate
33,Programming Foundations,Python Modules and Packages: Using the World's Code,Learn how to use Python's massive library of built-in and external modules to solve problems faster,You will be able to install and use any Python package from PyPI and organise your own code into reusable modules,"import statement, built-in modules, pip install, virtual environments, creating your own module",Build a utility library module and use it across multiple Python scripts,4 hours,Intermediate
34,Programming Foundations,SQL From Zero: Talking to Databases,Learn SQL the language that every database in the world understands and that every developer must know,You will be able to create tables insert data query it sort it filter it and join multiple tables together,"CREATE TABLE, INSERT INTO, SELECT, WHERE, ORDER BY, GROUP BY, JOIN types",Build and query a student database with tables for students courses and enrolments,6 hours,Beginner
35,Programming Foundations,MySQL: Setting Up and Running a Real Database,Learn MySQL the most widely used database system in Nigerian web development,You will be able to install MySQL create databases manage users run queries and connect to it from code,"MySQL installation, MySQL Workbench, creating databases and tables, users and permissions, backup and restore",Set up a MySQL database server and populate it with real data using both the GUI and command line,4 hours,Beginner
36,Programming Foundations,PHP From Zero: Building Dynamic Websites,Learn PHP the server-side language that powers 78% of all websites including Facebook and WordPress,You will be able to write PHP scripts that process form data interact with a database and generate dynamic HTML pages,"PHP syntax, variables, control flow, functions, superglobals $_POST $_GET $_SESSION, include and require",Build a dynamic webpage that accepts form input stores it in a database and displays results,6 hours,Beginner
37,Programming Foundations,PHP and MySQL: Building Real Web Applications,Learn how PHP and MySQL work together to create fully functional data-driven web applications,You will be able to build a complete web application with user registration login a dashboard and data management,"MySQLi connection, prepared statements, CRUD operations, session management, password hashing",Build a complete student portal with registration login profile management and grade display,8 hours,Intermediate
38,Programming Foundations,JavaScript ES6+: Modern JavaScript Every Developer Uses,Learn the modern features of JavaScript introduced from ES6 onwards that are now standard in all projects,You will be able to write clean modern JavaScript using arrow functions template literals destructuring and async/await,"Arrow functions, template literals, destructuring, spread operator, modules, Promises, async/await, fetch API",Rewrite a legacy JavaScript application using ES6+ features and connect it to a live API,6 hours,Intermediate
39,Programming Foundations,JavaScript Async Programming: Handling Time in Code,Understand asynchronous programming the concept that trips up most developers and master it completely,You will be able to write JavaScript that handles time-based operations API calls and events without blocking the browser,"Synchronous vs asynchronous, callbacks, Promises, .then() and .catch(), async/await, Promise.all",Build a dashboard that fetches data from 3 different APIs simultaneously and displays them,5 hours,Intermediate
40,Programming Foundations,Node.js: JavaScript Beyond the Browser,Learn Node.js to run JavaScript on a server and build backend applications and APIs,You will be able to build a functioning Node.js server that handles HTTP requests connects to a database and responds with data,"Node.js runtime, npm, require and modules, http module, Express.js, file system, environment variables",Build a REST API with Node.js and Express that performs CRUD operations on a database,7 hours,Intermediate
41,Programming Foundations,Express.js: Building APIs That Power Apps,Master Express.js the most popular Node.js framework for building fast and organised web APIs,You will be able to design and build a complete REST API with authentication routing and database integration,"Routes and controllers, middleware, request and response objects, body-parser, CORS, JWT authentication",Build a full REST API for a blog platform with user auth post creation and comments,8 hours,Intermediate
42,Programming Foundations,React.js: Building Modern User Interfaces,Learn React the JavaScript library used by Facebook Instagram and thousands of companies worldwide,You will be able to build dynamic single-page applications using components state and props in React,"JSX, components, props, state with useState, useEffect, conditional rendering, lists, event handling",Build a fully functional task management app with add edit delete and filter features in React,8 hours,Intermediate
43,Programming Foundations,Databases Deep Dive: Relational vs Non-Relational,Understand the two main types of databases and when to use each one in a real project,You will be able to choose the right database type for any project design its structure and justify your decision,"SQL vs NoSQL, relational model, tables and relationships, document model, key-value stores, when to use what",Design the database architecture for 5 different types of applications and justify each choice,3 hours,Foundation
44,Programming Foundations,Database Design: Building Schemas That Scale,Learn how to design a database that does not break as your application grows,You will be able to design a normalised database schema for any real-world system with proper relationships and indexes,"Entity-relationship diagrams, primary and foreign keys, normalisation 1NF 2NF 3NF, indexes, cardinality",Design the complete database schema for a hospital management system with ER diagram,5 hours,Intermediate
45,Programming Foundations,C Programming: Understanding How Computers Think,Learn C the language that teaches you how computers really work at the lowest level above assembly,You will be able to write C programs that manipulate memory use pointers and understand why other languages behave the way they do,"Variables and types, pointers, arrays, functions, structs, memory allocation, file I/O",Write a C program that manages student records using structs and reads and writes to a binary file,8 hours,Intermediate
46,Programming Foundations,Data Structures Explained With Real Examples,Learn arrays linked lists stacks queues and trees by building each one from scratch in Python,You will be able to explain and implement the 7 core data structures and choose the right one for any problem,"Arrays and dynamic arrays, linked lists, stacks, queues, hash tables, trees, graphs",Implement all 7 data structures from scratch in Python and benchmark their performance,10 hours,Intermediate
47,Programming Foundations,Algorithms: Solving Problems Like a Computer Scientist,Learn the algorithms that power search sorting and decision-making in every real application,You will be able to implement binary search merge sort quick sort and graph traversal and explain the time complexity of each,"Linear and binary search, bubble sort, merge sort, quick sort, Big O notation, recursion",Implement 10 algorithms from scratch and test them against 10000-item datasets,8 hours,Intermediate
48,Programming Foundations,Regular Expressions: Finding Patterns in Any Text,Learn Regex the universal pattern-matching language built into every major programming language,You will be able to write regular expressions to validate emails phone numbers Nigerian NINs and extract any data pattern from text,"Regex syntax, character classes, quantifiers, anchors, groups, lookahead, Python re module",Build a Nigerian form validator that checks NIN BVN phone numbers and email addresses using Regex,4 hours,Intermediate
49,Programming Foundations,Environment Setup: Building a Professional Developer Workstation,Learn how to set up a complete professional development environment on Windows or Linux,You will have a fully configured development machine with VS Code terminal Git Python Node.js and database tools installed and working,"VS Code setup and extensions, Git configuration, Node.js and npm, Python and pip, MySQL, WSL on Windows",Set up a complete development environment from a fresh computer install and run a full-stack project,3 hours,Beginner
50,Programming Foundations,Debugging: Finding and Fixing Any Bug,Learn systematic debugging techniques so you can find the cause of any error in any language,You will be able to debug any Python JavaScript or PHP program methodically using print statements debuggers and error messages,"Reading error messages, print debugging, browser DevTools debugger, Python pdb, rubber duck debugging",Debug 10 deliberately broken programs across Python JavaScript and PHP,4 hours,Beginner
51,Programming Foundations,Clean Code: Writing Code That People Can Read,Learn the principles of clean code that separate professional developers from beginners,You will be able to refactor any messy codebase into clean readable maintainable code using naming conventions and structure,"Meaningful variable names, function size, DRY principle, SOLID principles, commenting code, refactoring",Take a 200-line messy Python script and refactor it into clean well-named readable code,4 hours,Intermediate
52,Programming Foundations,TypeScript: JavaScript With Superpowers,Learn TypeScript the typed version of JavaScript that every serious frontend team now requires,You will be able to write TypeScript code with proper types interfaces and enums and convert a JavaScript project to TypeScript,"Types and type annotations, interfaces, generics, enums, tsconfig, TypeScript in React",Convert an existing JavaScript Express API to TypeScript with full type safety,6 hours,Intermediate
53,Programming Foundations,Python Automation: Making Your Computer Do Your Work,Learn how to use Python to automate repetitive computer tasks that waste hours of your time,You will be able to automate file management Excel manipulation web scraping email sending and form filling using Python,"os and shutil modules, openpyxl for Excel, requests and BeautifulSoup, smtplib, selenium",Build 5 real automation scripts that together save at least 3 hours of manual work per week,6 hours,Intermediate
54,Programming Foundations,Working With APIs: Consuming and Building Them,Learn everything about APIs from consuming public ones to building your own from scratch,You will be able to call any REST API handle authentication and build your own documented API that others can use,"REST principles, HTTP verbs, authentication Bearer and API key, Postman, building APIs in Express",Build a currency conversion API and a student result API and document both with Postman,7 hours,Intermediate
55,Programming Foundations,Web Scraping: Extracting Data From Any Website,Learn how to extract data from any website programmatically using Python,You will be able to scrape product prices job listings news articles and any public data from any website,"requests library, BeautifulSoup, CSS selectors, handling pagination, storing to CSV, respecting robots.txt",Build a scraper that extracts job listings from a Nigerian job site and saves them to a spreadsheet,5 hours,Intermediate
56,Programming Foundations,Bash Scripting: Automating Linux Like a Pro,Learn Bash scripting to automate any Linux or Mac task from file management to server maintenance,You will be able to write Bash scripts that automate backups system monitoring user management and deployments,"Variables and control flow in bash, functions, reading files, cron jobs, pipes and redirection",Write a Bash script that automates daily database backups and emails a report if it fails,5 hours,Intermediate
57,Programming Foundations,Python for Data Analysis: Pandas and NumPy Foundations,Learn the two Python libraries that every data analyst in the world uses daily,You will be able to load clean transform merge and summarise any dataset using Pandas and NumPy,"NumPy arrays, Pandas DataFrames, reading CSV and Excel, filtering and sorting, groupby, handling missing data",Analyse a real Nigerian dataset of school results to calculate statistics and identify trends,6 hours,Intermediate
58,Programming Foundations,Data Visualisation: Making Charts That Tell Stories,Learn how to turn raw data into clear and beautiful charts that anyone can understand,You will be able to create bar charts line graphs pie charts scatter plots and heatmaps in Python using Matplotlib and Seaborn,"Matplotlib basics, Seaborn statistical plots, chart customisation, subplots, saving charts, storytelling with data",Build a visual data report with 8 different chart types from a real-world Nigerian dataset,5 hours,Intermediate
59,Programming Foundations,PHP OOP: Building Scalable Web Applications,Learn Object-Oriented PHP the architecture that powers all serious PHP applications and frameworks,You will be able to design and build a PHP application using classes inheritance interfaces and namespaces,"Classes and objects in PHP, constructors, inheritance, interfaces, traits, namespaces, autoloading",Refactor a procedural PHP web application into a clean OOP structure with proper class hierarchy,7 hours,Intermediate
60,Programming Foundations,Laravel Basics: The PHP Framework That Runs Nigeria,Learn Laravel the PHP framework behind thousands of Nigerian government and business websites,You will be able to build a fully functional web application in Laravel with authentication database and an admin dashboard,"Laravel installation, routes and controllers, Blade templating, Eloquent ORM, migrations, Auth scaffolding",Build a complete staff management system using Laravel with role-based access control,10 hours,Intermediate
61,Programming Foundations,Firebase: Building Apps Without a Backend,Learn Firebase Google's platform for building apps without writing traditional server code,You will be able to build a complete web or mobile app with authentication real-time database storage and hosting on Firebase,"Firebase Authentication, Firestore database, Realtime Database, Firebase Storage, Firebase Hosting",Build a real-time classroom chat application with login using only Firebase — no backend server,7 hours,Intermediate
62,Programming Foundations,MongoDB: The Database for Modern Applications,Learn MongoDB the document database that powers many modern Node.js applications,You will be able to design MongoDB schemas perform CRUD operations aggregate data and connect MongoDB to a Node.js app,"Documents and collections, CRUD operations, Mongoose ODM, schema design, aggregation pipeline, indexes",Build a Node.js REST API with MongoDB that manages a product inventory system,7 hours,Intermediate
63,Programming Foundations,Authentication and Authorization: Securing Every App,Learn how login systems actually work and how to build one that is completely secure,You will be able to implement JWT-based authentication role-based authorization and secure session management in any web app,"Hashing passwords with bcrypt, JWT tokens, refresh tokens, middleware for protected routes, RBAC",Build a complete login and role-based access system for a web app with admin and user roles,6 hours,Intermediate
64,Programming Foundations,Object-Oriented Design Patterns: Code That Professionals Write,Learn the 10 most important design patterns that solve recurring problems in software design,You will be able to identify when to use Singleton Factory Observer Strategy and other patterns in real projects,"Creational patterns, structural patterns, behavioural patterns, when to use each, refactoring to patterns",Implement 5 design patterns in a Python or JavaScript codebase and explain the problem each solves,6 hours,Advanced
65,Programming Foundations,Testing Your Code: Writing Tests That Catch Real Bugs,Learn software testing so your code works correctly the first time you hand it to a client,You will be able to write unit tests integration tests and end-to-end tests for any Python JavaScript or PHP application,"Unit testing, pytest for Python, Jest for JavaScript, test-driven development TDD, mocking, test coverage",Write a complete test suite for a REST API covering all endpoints and edge cases,6 hours,Intermediate
66,Programming Foundations,Docker: Running Any App Anywhere,Learn Docker so your applications run consistently on every computer server and cloud platform,You will be able to containerise any web application write a Dockerfile create a docker-compose setup and deploy it,"What containers are, Dockerfile, docker build and run, volumes, networking, docker-compose",Containerise a full-stack PHP MySQL application using Docker Compose,5 hours,Intermediate
67,Programming Foundations,Linux for Developers: The Operating System of the Internet,Learn Linux the operating system that runs 96% of the world's servers and every cloud platform,You will be able to navigate manage and administer any Linux server confidently from the command line,"File system, user and permissions management, package management apt, processes, networking, systemd","Set up a fresh Ubuntu server, configure it securely, install a LAMP stack and deploy a website",6 hours,Intermediate
68,Programming Foundations,Java Fundamentals: Programming the Enterprise,Learn Java the language behind Android apps banking systems and enterprise software,You will be able to write Java programs using classes interfaces collections and exceptions,"Java syntax, classes and objects, inheritance, interfaces, ArrayList and HashMap, exception handling, I/O",Build a bank account management system in Java using OOP with deposit withdrawal and history,8 hours,Intermediate
69,Programming Foundations,How Memory Works in Programming: Stack Heap and Pointers,Understand how your code uses computer memory the concept that explains all memory errors and performance issues,You will be able to explain the difference between stack and heap memory explain why null pointer errors happen and write code that manages memory efficiently,"Stack and heap memory, value vs reference types, garbage collection, memory leaks, pointers in C",Trace memory allocation and deallocation through a C program and explain every pointer operation,4 hours,Foundation
70,Programming Foundations,Building a REST API From Scratch Step by Step,Build a complete production-ready REST API from an empty folder to a deployed endpoint,You will have a live REST API that handles authentication CRUD operations and returns proper JSON responses,"REST API design, Express.js, MongoDB or MySQL, JWT auth, input validation, error handling, deployment",Build and deploy a complete REST API for a blogging platform with full documentation,10 hours,Intermediate
71,Programming Foundations,WebSockets: Building Real-Time Applications,Learn WebSockets to build applications where data updates instantly without page refreshing,You will be able to build real-time features like live chat notifications live scores and collaborative editing,"WebSocket protocol vs HTTP, Socket.io library, rooms and namespaces, events, broadcasting, scaling",Build a real-time group chat application that updates all users instantly as messages are sent,6 hours,Intermediate
72,Programming Foundations,Queues and Background Jobs: Handling Heavy Work,Learn how to handle slow tasks like sending emails generating reports without making users wait,You will be able to implement a job queue that processes background tasks asynchronously in any web application,"Job queues concept, Bull.js for Node.js, Celery for Python, Redis, task scheduling, retry logic",Add email sending and PDF report generation as background jobs to an existing web app,5 hours,Advanced
73,Programming Foundations,Building a Document Generation System,Learn how to programmatically generate professional Word PDFs and PowerPoint files from code,You will be able to build a system that auto-generates any document type from data with professional formatting,"python-docx, openpyxl, PptxGenJS, pdf generation, mail merge concept, templates",Build a system that generates student transcripts certificates and report cards from a database,6 hours,Intermediate
74,Programming Foundations,Payment Integration: Flutterwave and Paystack,Learn how to integrate Nigerian payment gateways into any web or mobile application,You will be able to implement a complete payment flow from button click to payment confirmation and webhook handling,"Payment gateway concepts, Flutterwave API, Paystack API, webhooks, transaction verification, test mode",Integrate Flutterwave into a web app with payment initiation verification and success callback,5 hours,Intermediate
75,Programming Foundations,SMS and Email Integration: Communicating From Apps,Learn how to send automated SMS and emails from any web application using popular APIs,You will be able to trigger SMS messages and branded emails from any application event registration payment alert,"Termii API for SMS, SMTP and PHPMailer, Nodemailer, HTML email templates, bulk sending",Add SMS OTP verification and welcome email to an existing web registration system,4 hours,Intermediate
76,Programming Foundations,Building a Search Engine for Your App,Learn how to implement powerful search functionality that finds results in milliseconds,You will be able to add full-text search filtering and sorting to any web application,"SQL LIKE and FULLTEXT indexes, Algolia, Elasticsearch basics, real-time search with debouncing",Add a fast search feature to a product catalogue that returns results as the user types,4 hours,Intermediate
77,Programming Foundations,Microservices: When One App Becomes Many,Understand microservices architecture and when to split a monolith into separate services,You will be able to design a microservices architecture for a real system and explain the tradeoffs vs a monolith,"Monolith vs microservices, service communication REST and gRPC, API gateway, Docker, advantages and drawbacks",Design the microservices architecture for a ride-hailing app and explain each service boundary,4 hours,Advanced
78,Programming Foundations,GraphQL: A Smarter Way to Build APIs,Learn GraphQL the API query language that lets clients ask for exactly what they need,You will be able to build a GraphQL API with queries mutations and subscriptions as an alternative to REST,"GraphQL schema, queries and mutations, resolvers, Apollo Server, comparison with REST, N+1 problem",Build a GraphQL API for a news platform and demonstrate how it reduces data over-fetching,7 hours,Advanced
79,Programming Foundations,Building a Full-Stack Web Application End to End,Build a complete production-ready web application from database to deployed frontend,You will have a fully deployed full-stack application with database backend API and frontend that real users can access,"Architecture planning, database design, backend API, frontend UI, deployment, domain setup",Build and deploy a complete student portal for a school with all CRUD operations from scratch,15 hours,Intermediate
80,Programming Foundations,Python Decorators and Advanced Functions,Learn Python's most powerful features that make code cleaner more reusable and more expressive,You will be able to use decorators generators context managers and closures in real production code,"Decorators and decorator factories, generators and yield, context managers, closures, lambda functions",Implement logging authentication and caching using decorators in a real Python web application,4 hours,Advanced
81,Programming Foundations,Building a Command Line Tool People Actually Use,Learn how to build professional CLI tools in Python that others can install and use,You will be able to build publish and distribute a Python command-line application with arguments help text and config files,"argparse, Click library, config files, packaging with setuptools, publishing to PyPI",Build a CLI tool that automates a common developer task and publish it to PyPI,5 hours,Intermediate
82,Programming Foundations,Caching: Making Applications 100x Faster,Learn how caching works and how to implement it to eliminate slow database queries,You will be able to implement caching using Redis for any web application and measure the performance improvement,"What caching is, cache invalidation, Redis basics, caching in Python and Node.js, cache strategies, TTL",Add Redis caching to a slow API endpoint and demonstrate a 10x speed improvement,4 hours,Advanced
83,Programming Foundations,Webhooks: Event-Driven Programming,Learn webhooks the mechanism that lets external services notify your application in real time,You will be able to build webhook endpoints that receive verify and process real-time events from payment gateways and other services,"What webhooks are vs polling, receiving webhooks in Express, signature verification, idempotency, ngrok for testing",Build webhook handlers for Flutterwave payment events and Termii SMS delivery reports,4 hours,Intermediate
84,Programming Foundations,Building Your First Chatbot Without AI,Learn how to build a rule-based chatbot that handles customer service questions automatically,You will be able to build a chatbot that answers FAQs handles menu selections and escalates to a human agent,"Intent detection with keywords, state machines, WhatsApp Business API, rule-based responses, handoff logic",Build a customer service chatbot for a school admissions process on WhatsApp,6 hours,Intermediate
85,Programming Foundations,Progressive Web Apps: Making Websites Work Offline,Learn how to turn any website into a PWA that works without internet and can be installed on phones,You will be able to add service workers a web manifest and offline functionality to any existing web application,"Service workers, cache API, manifest.json, offline fallback, push notifications, installability",Convert an existing web application into a PWA that works fully without an internet connection,5 hours,Intermediate
86,Programming Foundations,Web Accessibility: Building for Every Nigerian,Learn how to make websites usable by people with disabilities — a legal requirement in many contexts,You will be able to audit any website for accessibility issues and fix them to meet WCAG 2.1 AA standards,"Screen readers, semantic HTML for accessibility, ARIA attributes, keyboard navigation, colour contrast, focus management",Audit a real website using Lighthouse and NVDA screen reader and fix all identified issues,4 hours,Intermediate
87,Programming Foundations,Serverless Functions: Running Code Without Managing Servers,Learn serverless computing to run backend code without setting up or maintaining any server,You will be able to deploy serverless functions on Netlify Functions or Vercel that handle API requests automatically,"Serverless concept, AWS Lambda and Netlify Functions, cold starts, event triggers, pricing model",Deploy a serverless API that handles contact form submissions and stores them in a database,4 hours,Intermediate
88,Programming Foundations,Email Systems: How Email Actually Works,Understand the complete email infrastructure and why emails land in spam or get delivered,You will be able to configure SPF DKIM and DMARC records for any domain to ensure email deliverability,"MX records, SPF and DKIM, SMTP vs IMAP vs POP3, email headers, spam score, PHPMailer configuration",Set up proper email authentication for a domain so transactional emails reach the inbox reliably,3 hours,Intermediate
89,Programming Foundations,How to Read Someone Else's Code,Learn the systematic approach to understanding reading and extending code you did not write,You will be able to onboard into any existing codebase understand its architecture and make changes confidently,"Reading from entry points, tracing execution flow, commenting while reading, using git log, asking the right questions",Explore a real open-source Nigerian project on GitHub understand its architecture and make a small contribution,4 hours,Foundation
90,Programming Foundations,Build 10 Python Projects in 10 Days,Build 10 real Python projects that demonstrate your skills across web automation data and AI,You will have 10 completed Python projects in your portfolio that showcase different capabilities to employers,"Automation, web scraping, API consumption, data processing, file handling, simple games, CLI tools",Complete and upload all 10 projects to GitHub with proper READMEs,10 hours,Beginner
91,Programming Foundations,Build 10 Web Projects in 10 Days,Build 10 real websites and web apps that demonstrate full front-end and back-end capability,You will have 10 complete web projects in your GitHub portfolio covering HTML CSS JavaScript and PHP,"Static pages, interactive JavaScript apps, forms, APIs, PHP CRUD apps",Build and deploy all 10 projects with live URLs and GitHub repositories,10 hours,Beginner
92,Programming Foundations,Dart and Flutter: Building Apps for Android and iOS,Learn Dart and Flutter Google's framework for building beautiful apps that run on both mobile platforms,You will be able to build a complete Flutter app with navigation state management and API integration,"Dart language basics, Flutter widgets, stateful and stateless widgets, Navigator, Provider, HTTP package",Build a news reader Flutter app that fetches articles from an API and displays them with navigation,10 hours,Intermediate
93,Programming Foundations,React Native: One Codebase for Android and iOS,Learn React Native to build mobile apps using JavaScript that run natively on Android and iOS,"You will be able to build a complete React Native app with navigation, state management, and Firebase backend","React Native components, StyleSheet, navigation, AsyncStorage, Firebase, Expo workflow",Build a personal finance tracker app with transactions categories and charts in React Native,10 hours,Intermediate
94,Programming Foundations,How to Deploy a Website: From Code to Live URL,Learn every method of deploying a web application so your projects are accessible to the world,You will be able to deploy any web application using cPanel shared hosting VPS and free platforms like Vercel and Netlify,"Shared hosting with cPanel, VPS with SSH, Nginx setup, environment variables, Vercel and Netlify free hosting",Deploy the same application using 3 different methods and compare them,4 hours,Intermediate
95,Programming Foundations,Building a Multi-Tenant SaaS Application,Learn how to build software that serves multiple organisations from a single codebase,You will be able to design and build the core architecture of a multi-tenant SaaS application with isolated data,"Tenancy models, subdomain routing, database isolation strategies, role-based access, billing integration",Build a multi-tenant school management system where each school sees only their own data,10 hours,Advanced
96,Programming Foundations,Internationalisation: Building Apps for Multiple Languages,Learn how to build apps that support multiple languages and regions including Yoruba Hausa and Igbo,You will be able to implement i18n in any web application so the interface can switch between Nigerian languages,"i18n concepts, locale and translation files, date and number formatting, RTL support, language switcher",Add Hausa and Yoruba translations to an existing English web application using i18n library,4 hours,Advanced
97,Programming Foundations,Performance Profiling: Finding and Fixing Slow Code,Learn how to identify exactly which part of your code is slow and fix it scientifically,You will be able to profile any Python JavaScript or PHP application find the bottleneck and improve its performance,"Profiling concepts, Python cProfile, Chrome DevTools Performance, SQL EXPLAIN, memory profiling",Profile a slow web application identify the top 3 bottlenecks and fix them with measurable improvement,4 hours,Advanced
98,Programming Foundations,Building Admin Dashboards: The Control Centre of Every App,Learn how to build the admin panel that every business application needs for management and reporting,You will be able to build a complete admin dashboard with tables charts user management and export functions,"Admin UI patterns, data tables with sorting and filtering, charts with Chart.js, export to Excel and PDF",Build a complete admin dashboard for a school with student management analytics and report export,8 hours,Intermediate
99,Programming Foundations,SMS OTP and Two-Factor Authentication,Learn how to add an extra layer of security using SMS OTP and authenticator app 2FA,You will be able to implement OTP via SMS and TOTP using Google Authenticator in any web application,"OTP concepts, time-based OTP, Termii or Twilio for SMS, speakeasy library, QR code generation",Add SMS OTP verification and Google Authenticator 2FA to an existing login system,4 hours,Intermediate
100,Programming Foundations,Building a Notification System: Real-Time Alerts That Work,Learn how to build push notifications in-app notifications and email digest systems,You will be able to build a complete notification system with in-app badges email digests and browser push notifications,"Notification data model, WebSockets for real-time, browser Push API, service workers, email batching",Build a notification system for a web app that delivers in-app and email notifications,5 hours,Intermediate
101,Artificial Intelligence,How AI Really Works: No Maths Required,Understand what artificial intelligence actually is how it learns and why it can do things that seem magical,You will be able to explain what machine learning is how neural networks work and why AI makes mistakes to anyone,"What AI is vs what it is not, training vs inference, neural network concept, overfitting, data dependency",Build a simple mental model of 5 famous AI systems and explain how each one works,2 hours,Foundation
102,Artificial Intelligence,Machine Learning From Zero: Teaching Computers to Learn,Learn the fundamentals of machine learning with practical Python examples no PhD required,You will be able to train evaluate and deploy a machine learning model that makes real predictions,"Supervised vs unsupervised learning, features and labels, training and test split, accuracy and evaluation",Train a model that predicts whether a student will pass or fail based on attendance and marks,5 hours,Beginner
103,Artificial Intelligence,Linear Regression: Predicting Numbers With Data,Master linear regression the most fundamental and widely used machine learning algorithm,You will be able to build a regression model that predicts prices sales or any numeric value from historical data,"How linear regression works, gradient descent, mean squared error, polynomial regression, scikit-learn",Build a house price predictor for Nigerian properties using linear regression,4 hours,Beginner
104,Artificial Intelligence,Classification: Teaching AI to Make Yes/No Decisions,Learn classification algorithms that power spam filters fraud detection and medical diagnosis,You will be able to build and evaluate a classification model using logistic regression decision trees and random forests,"Logistic regression, decision trees, random forests, confusion matrix, precision recall F1, ROC curve",Build a fraud detection classifier using a real transaction dataset,5 hours,Beginner
105,Artificial Intelligence,Neural Networks From Scratch: Build One With Code,Build a neural network without using any AI library so you understand every calculation happening inside,You will be able to implement a neural network with forward propagation backpropagation and gradient descent from scratch,"Neurons and layers, activation functions, forward pass, loss function, backpropagation, gradient descent",Build a neural network in pure Python/NumPy that classifies handwritten digits at 90%+ accuracy,6 hours,Intermediate
106,Artificial Intelligence,Deep Learning With TensorFlow: Building Real AI,Learn TensorFlow Google's deep learning framework for building neural networks that solve hard problems,You will be able to build train and deploy deep learning models using TensorFlow and Keras for image or text tasks,"TensorFlow and Keras, model architecture, layers, training with fit(), callbacks, saving and loading models",Build a deep learning model that classifies images of Nigerian foods with 85%+ accuracy,7 hours,Intermediate
107,Artificial Intelligence,Computer Vision: Teaching AI to See,Learn how to build AI systems that understand images and video using OpenCV and deep learning,You will be able to build applications that detect objects recognise faces and read text from images,"OpenCV basics, image manipulation, face detection with Haar Cascades, YOLO object detection, CNN architecture",Build a system that detects and counts people in a crowd from a video feed,7 hours,Intermediate
108,Artificial Intelligence,Natural Language Processing: Teaching AI to Understand Text,Learn NLP the field of AI that powers chatbots search engines and translation systems,You will be able to build text classification sentiment analysis and keyword extraction systems,"Text preprocessing, tokenisation, TF-IDF, word embeddings, sentiment analysis, spaCy and NLTK",Build a Nigerian news classifier that sorts articles into sports politics business and entertainment,7 hours,Intermediate
109,Artificial Intelligence,Building With OpenAI API: Using ChatGPT in Your Apps,Learn how to integrate OpenAI's GPT models into any application to add powerful language AI,You will be able to build applications that use GPT for text generation summarisation Q&A and classification,"API authentication, prompt engineering, system messages, temperature and tokens, streaming, fine-tuning concepts",Build an AI-powered study assistant that answers questions about any uploaded PDF document,6 hours,Intermediate
110,Artificial Intelligence,Prompt Engineering: Getting the Best From Any AI,Master the skill of writing prompts that get consistently excellent results from AI models,You will be able to write prompts that produce professional quality outputs for writing code analysis and creative tasks,"Zero-shot and few-shot prompting, chain-of-thought, role prompting, output formatting, iterative refinement",Build a prompt library of 20 reusable prompts for business tasks and test each one systematically,4 hours,Beginner
111,Artificial Intelligence,Building AI Chatbots With LLMs: Beyond Simple Rules,Learn how to build intelligent chatbots using large language models that understand context and intent,You will be able to build a context-aware chatbot that handles multi-turn conversations and retrieves relevant information,"LLM concepts, conversation history, system prompts, retrieval augmented generation RAG, vector databases",Build an intelligent customer service chatbot for a Nigerian business that answers from company documentation,8 hours,Intermediate
112,Artificial Intelligence,Voice Recognition: Building Apps That Understand Speech,Learn speech recognition to build applications that convert spoken Nigerian languages to text,You will be able to integrate speech-to-text functionality into a web or Python application using Whisper and browser APIs,"How ASR works, OpenAI Whisper, Web Speech API, audio preprocessing, language model post-processing",Build a voice-activated note-taking app that transcribes spoken Pidgin English accurately,6 hours,Intermediate
113,Artificial Intelligence,Text-to-Speech: Making Your Apps Talk,Learn how to add voice output to any application so it speaks responses to users,You will be able to integrate natural-sounding text-to-speech in Nigerian English and local languages into any app,"TTS concepts, browser SpeechSynthesis API, Google TTS API, voice selection, SSML for pronunciation",Build a reading assistant that reads web articles aloud and highlights each word as it speaks,4 hours,Intermediate
114,Artificial Intelligence,Face Recognition: Building Biometric Systems,Learn how facial recognition works at the algorithmic level and build a working face recognition system,You will be able to build a face enrollment and recognition system that identifies people from camera input,"Face detection vs face recognition, DeepFace library, face embeddings, similarity threshold, spoofing protection",Build a classroom attendance system that marks students present when their face is detected,7 hours,Intermediate
115,Artificial Intelligence,Building a Speaker Identification System,Learn how to identify a person by their voice using AI — the foundation of Project Vanguard,You will be able to extract voiceprints from audio enroll known speakers and identify unknown speakers in real time,"Voice embeddings, ECAPA-TDNN model, SpeechBrain, cosine similarity, enrollment workflow, threshold tuning",Build a speaker ID system that identifies 10 enrolled speakers from audio recordings at 90%+ accuracy,8 hours,Intermediate
116,Artificial Intelligence,Audio Transcription With Whisper: Every Word Captured,Learn to use OpenAI's Whisper model to transcribe any audio in English and Nigerian languages locally,You will be able to transcribe any audio or video file accurately offline with timestamps and speaker labels,"Whisper model architecture, local deployment, language detection, word timestamps, Hausa and Yoruba performance",Build a batch transcription pipeline that processes a folder of voice notes and produces timestamped text,5 hours,Beginner
117,Artificial Intelligence,Sentiment Analysis: Understanding What People Feel,Learn how to build systems that determine whether text is positive negative or neutral,You will be able to analyse social media posts customer reviews and survey responses for sentiment automatically,"Lexicon-based analysis, machine learning approach, transformers for sentiment, handling Nigerian English",Build a brand monitoring tool that analyses Facebook comments about a product and reports daily sentiment,5 hours,Intermediate
118,Artificial Intelligence,Image Generation With AI: Creating Visuals From Text,Learn how AI generates images and how to use diffusion models for practical content creation,You will be able to use Stable Diffusion and DALL-E to generate professional images for any purpose,"How diffusion models work, Stable Diffusion, prompt engineering for images, negative prompts, ControlNet",Generate a complete set of marketing images for a fictional product using AI image generation,4 hours,Beginner
119,Artificial Intelligence,Building a Recommendation System,Learn how Netflix Spotify and Amazon decide what to show you — and build the same thing,You will be able to build a content-based and collaborative filtering recommendation system for any platform,"Collaborative filtering, content-based filtering, cosine similarity, matrix factorisation, cold start problem",Build a course recommendation system that suggests next courses to learners based on their history,6 hours,Intermediate
120,Artificial Intelligence,Time Series Forecasting: Predicting Future Values,Learn how to analyse data over time and forecast future values using AI and statistical models,You will be able to build forecasting models for sales traffic or any metric that changes over time,"Time series concepts, stationarity, ARIMA, Prophet, LSTM for sequences, evaluation with MAE and RMSE",Build a model that forecasts next month's website traffic from 2 years of historical data,6 hours,Intermediate
121,Artificial Intelligence,Building a Document Intelligence System,Learn how to extract structured information from unstructured documents using AI,You will be able to build a pipeline that reads PDFs forms and reports and extracts specific data fields automatically,"OCR with Tesseract, PDF extraction, entity recognition, LLM-based extraction, output to structured JSON",Build a system that reads Nigerian utility bills and extracts customer number amount due and due date,7 hours,Intermediate
122,Artificial Intelligence,Deploying AI Models: From Notebook to Production,Learn how to take a trained AI model and make it available as a real working application,You will be able to wrap any ML model in an API containerise it and deploy it so other apps can use it,"Model serialisation, FastAPI for ML APIs, Docker for AI, model versioning, monitoring, gradual rollout",Deploy a trained classification model as a live REST API that anyone can call,5 hours,Intermediate
123,Artificial Intelligence,AI Ethics: Building Responsible Systems,Understand the ethical dimensions of AI and how to build AI systems that are fair transparent and accountable,You will be able to audit an AI system for bias explain its decisions and document its limitations responsibly,"Bias in training data, model fairness metrics, explainability with SHAP and LIME, privacy in AI, AI policy in Nigeria",Audit a Nigerian loan approval AI system for demographic bias and write a fairness report,4 hours,Foundation
124,Artificial Intelligence,Machine Learning Operations: Managing AI in Production,Learn MLOps the practices that keep AI systems accurate reliable and up to date after deployment,You will be able to set up monitoring retraining pipelines and model registry for any production ML system,"Model drift, monitoring with Evidently, automated retraining, MLflow experiment tracking, data pipelines",Build an automated pipeline that monitors a deployed model for drift and retrains it weekly,6 hours,Advanced
125,Artificial Intelligence,Building AI for Nigerian Languages: The Opportunity,Learn how to build NLP systems that work for Yoruba Hausa Igbo Tiv and other underrepresented languages,You will be able to fine-tune language models for Nigerian languages and build translation and text tools,"Low-resource NLP challenges, Meta NLLB model, fine-tuning with small datasets, evaluation for low-resource languages",Fine-tune a translation model to translate from English to Yoruba and evaluate its quality,7 hours,Advanced
126,Artificial Intelligence,Computer Vision for Agriculture: Detecting Crop Disease,Learn how to apply AI to real agricultural challenges that affect millions of Nigerian farmers,You will be able to build an image classification system that identifies crop diseases from phone photos,"Transfer learning, MobileNet for mobile deployment, agricultural datasets, confidence thresholds",Build a cassava disease detection app that runs on an Android phone without internet,7 hours,Advanced
127,Artificial Intelligence,Fraud Detection With AI: Protecting Financial Systems,Learn how AI detects fraudulent transactions in real time in banking and payment systems,You will be able to build and evaluate a fraud detection system that handles imbalanced data effectively,"Imbalanced datasets, SMOTE, anomaly detection, isolation forest, ensemble methods, real-time scoring",Build a real-time fraud scoring system that flags suspicious transactions in a payment stream,7 hours,Advanced
128,Artificial Intelligence,Building an AI Tutor: Educational AI That Adapts,Learn how to build an AI-powered tutoring system that adapts to each student's learning pace,You will be able to build a personalised tutoring system that asks questions evaluates answers and adjusts difficulty,"Adaptive learning algorithms, LLM for question generation, answer evaluation, learning paths, Bloom's taxonomy",Build an AI tutor for secondary school mathematics that adapts question difficulty based on performance,8 hours,Advanced
129,Artificial Intelligence,AI-Powered Document Search: Finding Answers in Any File,Learn Retrieval Augmented Generation the technique that lets AI answer questions from your own documents,You will be able to build a system where users upload documents and ask natural language questions about them,"RAG architecture, text chunking, vector embeddings, vector databases Pinecone and ChromaDB, LLM integration",Build a document Q&A system for a company manual where employees ask questions and get accurate answers,7 hours,Advanced
130,Artificial Intelligence,Whisper + Diarisation: Who Said What When,Learn to combine transcription with speaker identification to produce fully attributed conversation transcripts,You will be able to process any multi-speaker recording and produce a transcript showing who said each sentence,"Whisper transcription, PyAnnote speaker diarisation, alignment of transcript with speakers, output formats",Process a 30-minute meeting recording and produce a full attributed transcript with timestamps,6 hours,Advanced
131,Artificial Intelligence,Transfer Learning: Teaching AI New Tricks Faster,Learn transfer learning the technique that lets you build powerful AI systems without massive datasets,You will be able to fine-tune a pretrained model for any image classification or text task using your own small dataset,"What pretrained models are, feature extraction vs fine-tuning, Hugging Face model hub, training loop",Fine-tune a pretrained image model to identify Nigerian currency denominations from photos,5 hours,Intermediate
132,Artificial Intelligence,Data Labelling: The Hidden Foundation of All AI,Learn how to create high-quality labelled training datasets the foundation of every AI system,You will be able to design a labelling workflow build a labelled dataset and assess its quality and consistency,"What data labelling is, labelling tools, label taxonomy design, inter-annotator agreement, quality control",Create a 1000-sample labelled dataset of Nigerian street food images for a classification task,4 hours,Beginner
133,Artificial Intelligence,AI-Powered Analytics: Turning Data Into Decisions,Learn how to use AI to analyse business data and surface insights that humans would miss,You will be able to build an analytics pipeline that automatically detects trends anomalies and forecasts,"Descriptive vs predictive analytics, automated EDA, anomaly detection, forecasting, natural language generation",Build an AI analytics dashboard for a school that automatically narrates key trends in student performance,7 hours,Intermediate
134,Artificial Intelligence,Reinforcement Learning: AI That Learns by Doing,Understand reinforcement learning the AI paradigm behind AlphaGo self-driving cars and game-playing AI,You will be able to implement a simple reinforcement learning agent that learns to solve a task through trial and error,"Agent and environment, reward function, Q-learning, policy gradient, OpenAI Gymnasium",Train a reinforcement learning agent to play a simple navigation game from scratch,6 hours,Advanced
135,Artificial Intelligence,Generative AI for Business: Practical Applications,Learn how to use generative AI tools to increase productivity in real business operations,You will be able to use AI tools to automate content creation data analysis email writing and document processing,"ChatGPT for business, Copilot, AI for code, AI for presentations, AI for Excel, prompt workflows",Automate 5 real business tasks using generative AI tools and document the time saved for each,3 hours,Beginner
136,Artificial Intelligence,Building AI-Powered WhatsApp Bots,Learn how to connect an AI language model to WhatsApp Business API to build an intelligent assistant,You will be able to build a WhatsApp bot that understands free-form questions and gives accurate answers,"WhatsApp Business API, webhook handling, conversation state, LLM integration, fallback handling",Build a WhatsApp bot for a Nigerian university that answers student questions about admission,8 hours,Intermediate
137,Artificial Intelligence,Computer Vision in Security: Intrusion and Motion Detection,Learn how to build AI-powered security systems that detect intruders movement and anomalies,You will be able to build a motion detection and person detection system from camera footage,"Background subtraction, motion detection with OpenCV, YOLO for person detection, alerts and logging",Build a basic security monitoring system that sends WhatsApp alerts when a person is detected,6 hours,Intermediate
138,Artificial Intelligence,AI Model Evaluation: Knowing If Your AI Is Actually Good,Learn how to rigorously evaluate any AI model so you know it works before deploying it,You will be able to apply the correct evaluation metrics for any AI task and interpret results confidently,"Accuracy precision recall F1 AUC, regression metrics, cross-validation, confusion matrices, A/B testing",Evaluate 3 different models for the same task and write a comparison report recommending the best one,4 hours,Intermediate
139,Artificial Intelligence,Feature Engineering: Turning Raw Data Into AI Gold,Learn how to transform raw data into meaningful features that make AI models dramatically more accurate,You will be able to engineer features for tabular data text and time series that improve model performance,"One-hot encoding, normalisation, binning, date features, text features, interaction features, feature importance",Double the accuracy of a baseline model by engineering better features from the same dataset,5 hours,Intermediate
140,Artificial Intelligence,AutoML: Building AI Without Writing Model Code,Learn AutoML tools that automatically find the best machine learning model and parameters for your data,You will be able to use AutoML tools to build high-performance models without manually tuning algorithms,"H2O AutoML, AutoKeras, Google AutoML, what AutoML does internally, when to use vs manual ML",Use an AutoML tool to build a model that outperforms a manually built baseline on a real dataset,3 hours,Beginner
141,Artificial Intelligence,AI for Healthcare: Diagnosing With Data,Learn how AI is applied in medical diagnosis drug discovery and patient outcome prediction,You will be able to build a disease prediction model from patient data and explain its predictions transparently,"Healthcare AI ethics, clinical data, HIPAA-equivalent considerations, disease classification, explainability",Build a malaria diagnosis assistant that predicts likelihood from symptom data with explainable output,6 hours,Advanced
142,Artificial Intelligence,AI Security: Attacking and Defending AI Systems,Learn how AI systems can be fooled hacked and manipulated — and how to defend against it,You will be able to demonstrate adversarial attacks on an image classifier and implement defences against them,"Adversarial examples, model poisoning, model extraction, membership inference, adversarial training",Demonstrate an adversarial attack on a digit classifier and implement adversarial training as a defence,5 hours,Advanced
143,Artificial Intelligence,Conversational AI Design: Making AI Feel Human,Learn how to design conversations that feel natural helpful and on-brand,You will be able to design complete conversational flows for any AI system including fallbacks and personality,"Conversation design principles, intents and entities, dialogue flow, persona, error messages, handoff",Design the complete conversational flow for a Nigerian bank customer service chatbot,4 hours,Intermediate
144,Artificial Intelligence,AI APIs Mastery: Hugging Face Replicate and More,Learn how to use the major AI API platforms to access thousands of AI models instantly,You will be able to call any AI model from Hugging Face Inference API and Replicate without running local compute,"Hugging Face API, Replicate, API authentication, model selection, cost management, rate limiting",Build 3 different AI-powered features using 3 different models from the Hugging Face Inference API,4 hours,Beginner
145,Artificial Intelligence,Building a Medical Records AI Assistant,Learn how to build an AI that helps healthcare workers search understand and summarise patient records,You will be able to build a system that processes medical documents answers clinical questions and flags urgent cases,"Medical NLP, document processing, LLM for clinical Q&A, privacy considerations, output confidence",Build an AI assistant that answers questions about patient records from a local hospital dataset,8 hours,Advanced
146,Artificial Intelligence,AI for Agriculture: Crop Yield Prediction,Learn how AI helps predict crop yields to support farmers and food security planning,You will be able to build a regression model that predicts crop yield from weather soil and farming practice data,"Agricultural datasets, regression modelling, feature importance for farming, geospatial data basics",Build a crop yield predictor for Nigerian maize using weather and soil data from open datasets,5 hours,Intermediate
147,Artificial Intelligence,Building a Document Classification System,Learn how to build an AI that automatically sorts documents into categories,You will be able to build a document classifier that reads any PDF or text and assigns it to the correct category,"Text extraction from PDF, TF-IDF and transformer features, multi-class classification, deployment as API",Build a system that automatically sorts scanned government documents into 10 categories,5 hours,Intermediate
148,Artificial Intelligence,Explainable AI: Making Black Boxes Transparent,Learn how to explain what any AI model is doing so non-technical stakeholders can trust it,You will be able to generate explanations for any model decision using SHAP and LIME,"SHAP values, LIME explanations, feature importance, model cards, communicating AI decisions",Add SHAP explanations to a loan approval model and build a dashboard showing why each decision was made,5 hours,Advanced
149,Artificial Intelligence,AI Project Management: Delivering AI Projects That Work,Learn how to plan estimate and deliver AI projects in a way that meets real business objectives,You will be able to scope define and plan an AI project including data requirements timelines and success metrics,"AI project lifecycle, data requirements, baseline models, success metrics, stakeholder communication, iteration",Write a complete project plan for an AI initiative at a fictional Nigerian company,4 hours,Foundation
150,Artificial Intelligence,Running AI Locally: Ollama and Open Source Models,Learn how to run powerful AI language models on your own computer without internet or API costs,You will be able to run Llama Mistral and other open-source models locally using Ollama and use them in applications,"Ollama setup, model pulling, API interface, system prompts, integrating into Python scripts",Run a large language model completely offline and build a local Q&A application on top of it,4 hours,Beginner
151,Artificial Intelligence,AI for Education: Personalised Learning Systems,Learn how to build AI-powered educational systems that adapt to individual student needs,You will be able to build an adaptive quiz system that adjusts question difficulty based on student performance,"Item response theory basics, adaptive algorithms, knowledge graph, spaced repetition, LLM question generation",Build an adaptive quiz system for WAEC preparation that adapts difficulty per student,8 hours,Advanced
152,Artificial Intelligence,Image Segmentation: AI That Identifies Every Pixel,Learn semantic and instance segmentation to identify regions within images at the pixel level,You will be able to apply image segmentation models to identify and outline specific objects in any image,"Semantic vs instance segmentation, U-Net, Mask R-CNN, SAM Segment Anything Model, use cases",Build a system that segments crop fields from satellite imagery to estimate farmland area,6 hours,Advanced
153,Artificial Intelligence,AI Model Compression: Making AI Run on Low-Power Devices,Learn techniques to make large AI models small enough to run on phones and low-cost hardware,You will be able to quantise prune and distil any AI model so it runs on resource-constrained devices,"Model quantisation, pruning, knowledge distillation, TensorFlow Lite, ONNX, mobile deployment",Compress a ResNet image classifier by 10x and deploy it to an Android phone as a demonstration,5 hours,Advanced
154,Artificial Intelligence,Building a Real-Time Language Translator,Learn how to build an application that translates speech from one Nigerian language to another in near real time,You will be able to combine speech-to-text translation and text-to-speech into a live translation pipeline,"Pipeline architecture, Whisper, NLLB translation, TTS, latency optimisation, language selection UI",Build a real-time speech translator that converts spoken Hausa to spoken Yoruba in under 3 seconds,8 hours,Advanced
155,Artificial Intelligence,AI for Cybersecurity: Detecting Threats Automatically,Learn how AI is used to detect malware network intrusions and phishing attacks automatically,You will be able to build a machine learning model that classifies network traffic as normal or malicious,"Network traffic features, anomaly detection, malware classification, false positive management",Build a network anomaly detection model using a public cybersecurity dataset,5 hours,Advanced
156,Artificial Intelligence,Building a Knowledge Base With AI,Learn how to build a searchable knowledge base that answers questions intelligently using your own content,You will be able to build a RAG-powered knowledge base that gives accurate answers from any collection of documents,"Chunking strategies, embedding models, vector search, re-ranking, answer generation, source citation",Build a knowledge base for Silabs Academy content that tutors can query to get teaching materials,7 hours,Intermediate
157,Artificial Intelligence,AI for Legal Documents: Contract Analysis,Learn how to use AI to review analyse and extract key terms from legal contracts and documents,You will be able to build a tool that reads any contract and extracts parties dates obligations and risk clauses,"Legal NLP, named entity recognition, clause extraction, LLM for contract analysis, disclaimer handling",Build a contract analyser that reads Nigerian agreements and highlights key terms with risk scores,6 hours,Advanced
158,Artificial Intelligence,Multimodal AI: Combining Vision and Language,Learn about AI models that understand both images and text simultaneously like GPT-4 Vision,You will be able to use multimodal models to build applications that answer questions about images,"What multimodal models are, GPT-4 Vision, LLaVA, image captioning, visual Q&A, practical applications",Build a receipt reading system that extracts itemised purchases and totals from photos of receipts,5 hours,Intermediate
159,Artificial Intelligence,AI for Social Media: Content Intelligence,Learn how to use AI to analyse social media content detect trends and generate engaging posts,You will be able to build a social media intelligence tool that monitors sentiment trends and helps create content,"Social media scraping, sentiment at scale, trend detection, AI content generation, performance prediction",Build a social media monitor for a Nigerian brand that summarises daily sentiment and suggests responses,6 hours,Intermediate
160,Artificial Intelligence,Fine-Tuning LLMs: Teaching AI to Know Your Domain,Learn how to fine-tune a large language model on your own data so it becomes an expert in your field,You will be able to fine-tune an open-source LLM on domain-specific data and deploy it as a custom API,"What fine-tuning is, LoRA and QLoRA for efficient fine-tuning, dataset preparation, evaluation, Hugging Face Trainer",Fine-tune a small LLM on Nigerian legal documents and evaluate its performance on domain questions,8 hours,Advanced
161,Artificial Intelligence,Object Detection From Scratch: YOLO Deep Dive,Learn the YOLO architecture the fastest object detection system in the world from first principles,You will be able to train a custom YOLO model to detect any objects in images and video in real time,"YOLO architecture, bounding boxes, anchor boxes, training with custom data, mAP evaluation, real-time detection",Train a custom YOLO model to detect vehicles in Nigerian road footage and count traffic flow,8 hours,Advanced
162,Artificial Intelligence,Agentic AI: Building AI That Takes Actions,Learn how to build AI agents that autonomously use tools browse the web and complete multi-step tasks,You will be able to build an LLM agent that uses tools like web search calculator and file system to complete tasks,"What agents are, tool calling, ReAct framework, LangChain agents, planning and memory, safety",Build an AI agent that researches a topic online writes a report and saves it to a file automatically,7 hours,Advanced
163,Artificial Intelligence,Building a Medical Diagnosis Assistant,Learn how to build an AI assistant that helps patients understand symptoms and guides them to appropriate care,You will be able to build a symptom checker that asks clarifying questions provides relevant information and recommends next steps,"Medical knowledge representation, LLM for clinical guidance, safety guardrails, disclaimer systems",Build a symptom checker chatbot that triages patients to self-care clinic or emergency,7 hours,Advanced
164,Artificial Intelligence,AI Integration Patterns: Adding AI to Existing Apps,Learn the standard patterns for adding AI capabilities to applications that were not originally built with AI,You will be able to identify the best pattern for adding AI to any existing application and implement it,"AI as a feature vs AI as a core, API integration, background processing, user-facing vs invisible AI",Add 3 different AI features to an existing web application using 3 different integration patterns,5 hours,Intermediate
165,Artificial Intelligence,Responsible Data Collection for AI: Ethics and Practice,Learn how to collect label and manage data ethically especially when dealing with Nigerian users and sensitive data,You will be able to design a data collection process that is ethical legal and produces high-quality training data,"Consent frameworks, data minimisation, anonymisation, NDPC 2023 compliance, bias prevention in collection",Design and document a data collection plan for a Nigerian face recognition dataset,4 hours,Foundation
166,Artificial Intelligence,AI Business Models: Making Money With AI,Learn the business models that successful AI companies use and how to build one in Nigeria,You will be able to identify viable AI business opportunities design a monetisation strategy and pitch it,"AI SaaS, API businesses, data businesses, AI consulting, licensing, market sizing for Nigerian AI",Design a complete business plan for an AI product targeting a specific Nigerian sector,4 hours,Foundation
167,Artificial Intelligence,AI in Agriculture: Pest and Disease Detection,Learn to build AI systems that help farmers identify and manage crop pests and diseases early,You will be able to build a mobile-friendly AI tool that identifies pest infestations from field photos,"Image classification for agriculture, mobile deployment, offline capability, farmer UX",Build a pest detection app for Nigerian farmers that identifies 10 common crop pests from photos,6 hours,Intermediate
168,Artificial Intelligence,Voice Biometrics: Building Speaker Verification Systems,Learn how to build systems that verify a person's identity by their voice for security applications,You will be able to build an enrollment and verification pipeline that authenticates users by voice,"Voiceprint extraction, enrollment workflow, similarity scoring, anti-spoofing, threshold tuning",Build a voice login system that enrolls users by voice and authenticates them on future logins,7 hours,Advanced
169,Artificial Intelligence,AI for E-Government: Automating Public Services,Learn how AI can improve government service delivery and reduce corruption in public administration,You will be able to design an AI system that automates a government process with auditability and transparency,"Process automation, document AI, case management, auditability requirements, citizen-facing AI",Design and prototype an AI system that automatically processes business registration applications,6 hours,Advanced
170,Artificial Intelligence,Predictive Maintenance: AI That Prevents Breakdowns,Learn how AI predicts equipment failure before it happens saving millions in unplanned downtime,You will be able to build a predictive maintenance model from sensor data for any industrial equipment,"Time series from sensors, anomaly detection, remaining useful life prediction, alert thresholds",Build a model that predicts generator failure from vibration and temperature sensor data,5 hours,Advanced
171,Artificial Intelligence,AI Product Development: From Idea to Shipped Feature,Learn the complete process of taking an AI product idea through research design development and launch,You will be able to lead the development of an AI product feature from problem definition to deployed prototype,"Problem scoping, data audit, model selection, UX for AI features, testing AI, launch and monitor",Build and launch a complete AI product feature end-to-end in a real or simulated environment,8 hours,Foundation
172,Artificial Intelligence,Building AI for Low-Bandwidth Environments,Learn how to design AI systems that work reliably on slow or intermittent internet connections,You will be able to build AI applications that degrade gracefully on 2G/3G and work offline when needed,"Offline-first AI, model quantisation for mobile, progressive loading, local inference, sync strategies",Build an AI application that works fully offline and syncs results when internet is available,5 hours,Advanced
173,Artificial Intelligence,AI Pair Programming: Using Copilot and AI to Code Faster,Learn how to use AI coding assistants to write code faster test more thoroughly and learn new technologies,You will be able to use AI coding tools to increase your development speed by at least 3x,"GitHub Copilot, Cursor, Claude for coding, prompt patterns for code generation, AI-assisted debugging",Use AI coding tools to build a project in 1 day that would normally take 3 days,3 hours,Beginner
174,Artificial Intelligence,Building a Real Estate Valuation AI,Learn how to build a property valuation model for Nigerian real estate using machine learning,You will be able to build a model that predicts property prices from location size type and features,"Feature engineering for real estate, geospatial features, regression modelling, confidence intervals",Build a house price estimator for Abuja or Lagos properties with confidence ranges,5 hours,Intermediate
175,Artificial Intelligence,AI for Financial Inclusion: Credit Scoring Without Bank History,Learn how to build alternative credit scoring models that work for the unbanked majority in Nigeria,You will be able to build a credit scoring model using alternative data sources like mobile usage and social signals,"Alternative data sources, feature importance for credit, fairness in lending AI, regulatory considerations",Build a credit scoring model using mobile transaction patterns for unbanked borrowers,6 hours,Advanced
176,Entrepreneurship,Start and Learn: Why Waiting Is the Biggest Mistake,Understand the philosophy of starting before you are ready and learning through doing,You will be able to identify and eliminate the mental blockers preventing you from starting your first business and take the first concrete step,"Action bias vs perfection paralysis, minimum viable action, learning by doing, fear vs risk",Write and take your first 3 concrete business actions within 24 hours of completing this course,2 hours,Foundation
177,Entrepreneurship,CAC Registration Step by Step: Making Your Business Legal,Learn exactly how to register a business in Nigeria including the new online process,You will be able to register a Business Name or Limited Liability Company on the CAC portal correctly,"Business Name vs Limited Company, CAC portal walkthrough, document requirements, costs and timelines",Complete a real or practice CAC registration from start to approved certificate,3 hours,Beginner
178,Entrepreneurship,Your First Business Idea: Finding a Problem Worth Solving,Learn the structured process for identifying real problems that businesses can profitably solve,You will be able to generate 10 validated business ideas based on real problems you have direct knowledge of,"Problem vs solution thinking, market sizing basics, Nigerian market opportunities, idea validation methods",Complete an idea validation exercise for 3 business concepts using the Lean Canvas framework,3 hours,Foundation
179,Entrepreneurship,Lean Canvas: Planning a Business on One Page,Learn the Lean Canvas framework that replaces the traditional 40-page business plan,You will be able to complete a Lean Canvas for any business idea in under 2 hours,"Problem and customer segments, unique value proposition, channels, revenue streams, cost structure",Complete a Lean Canvas for your own business idea with all 9 blocks filled in with evidence,3 hours,Beginner
180,Entrepreneurship,Market Research Without a Budget: Finding Your Customers,Learn how to research a market deeply using free tools and direct conversations,You will be able to define your ideal customer profile identify where they are and validate whether they will pay,"Customer interviews, online surveys, social media research, competitor analysis, market sizing TAM SAM SOM",Conduct 5 customer interviews for a business idea and write a validated customer profile,4 hours,Beginner
181,Entrepreneurship,Pricing Strategy: Charging What Your Product Is Worth,Learn how to price any product or service correctly so you earn profit and customers feel they got value,You will be able to apply 4 pricing strategies and calculate a price for any product with confidence,"Cost-plus pricing, value-based pricing, competitive pricing, freemium, price anchoring, Nigerian market norms",Calculate 3 different prices for the same service using 3 different strategies and justify each,3 hours,Beginner
182,Entrepreneurship,Your First Client: Landing Paid Work When You Are New,Learn the exact strategies to land your first paying client even with zero experience or portfolio,You will be able to land your first paying client within 30 days using the outreach approaches in this course,"Warm outreach, personal network mining, LinkedIn cold messages, WhatsApp business outreach, free first project strategy",Write and send 20 personalised outreach messages in your specific service niche,3 hours,Beginner
183,Entrepreneurship,Freelancing in Tech: Earning in Dollars from Nigeria,Learn how to offer tech skills as freelance services on Upwork Fiverr and Toptal from Nigeria,You will be able to set up optimised profiles on Upwork and Fiverr and land your first $100 foreign contract,"Freelance platform mechanics, profile optimisation, proposal writing, dollar pricing for Nigerian skills",Create a complete Upwork profile with 3 portfolio items and submit 10 quality proposals,5 hours,Beginner
184,Entrepreneurship,Building a Portfolio That Gets You Hired or Contracts,Learn how to build a portfolio that proves your skills better than any certificate or degree,You will be able to build a professional online portfolio that shows your best work with clear project descriptions,"Portfolio site with GitHub Pages, project presentation, case study writing, testimonial collection",Build and publish your portfolio site with at least 5 documented projects,4 hours,Beginner
185,Entrepreneurship,Digital Marketing Foundations: Getting Found Online,Learn the fundamentals of digital marketing that every business owner needs to understand,You will be able to explain all major digital marketing channels choose the right ones for any business and measure results,"SEO, social media marketing, email marketing, paid ads, content marketing, analytics basics",Create a 30-day digital marketing plan for a small Nigerian business,4 hours,Beginner
186,Entrepreneurship,Facebook and Instagram Marketing That Actually Converts,Learn how to use Facebook and Instagram to attract customers and convert them into buyers,You will be able to run organic social media campaigns that generate real leads and sales for any business,"Content strategy, post formats, algorithm understanding, engagement tactics, call-to-action design",Run a 2-week organic social campaign for a real or practice business and track results,5 hours,Beginner
187,Entrepreneurship,WhatsApp Business: Your Most Powerful Sales Tool,Learn how to use WhatsApp Business to manage customers automate responses and close more sales,You will be able to set up WhatsApp Business professionally use broadcast lists and automate common messages,"WhatsApp Business profile, auto-reply, quick replies, broadcast lists, catalogue, payment collection",Set up a complete WhatsApp Business account for a real or practice business,3 hours,Beginner
188,Entrepreneurship,Content Creation for Business: Posts That Make People Buy,Learn how to create content that builds trust generates leads and converts followers into customers,You will be able to produce professional content consistently across text images and short video,"Content pillars, value ladder, writing for social media, Canva design basics, short video scripting",Create a month of content (30 posts) for a specific niche business using a content calendar,6 hours,Beginner
189,Entrepreneurship,Email Marketing: The Channel That Pays the Most,Learn how to build an email list and use it to consistently sell products and services,You will be able to set up an email marketing system build a subscriber list and run automated sequences,"List building, lead magnets, email service providers, open rates and CTR, welcome sequences",Set up a complete email list with a lead magnet and a 5-email welcome sequence,5 hours,Beginner
190,Entrepreneurship,SEO for Nigerian Businesses: Getting Found on Google,Learn search engine optimisation specifically for businesses serving Nigerian audiences,You will be able to rank a local Nigerian business website on the first page of Google for its target keywords,"Keyword research for Nigerian market, on-page SEO, Google My Business, backlinks, local SEO",Optimise a business website for 5 target keywords and set up and verify its Google My Business listing,5 hours,Intermediate
191,Entrepreneurship,Paid Advertising: Running Profitable Facebook Ads,Learn how to run Facebook and Instagram ads that consistently return more money than they cost,You will be able to set up a complete Facebook ad campaign from audience targeting to conversion tracking,"Campaign objectives, audience targeting, ad formats, budget and bidding, pixel installation, retargeting",Run a real or simulated Facebook ad campaign and achieve a profitable return on ad spend,6 hours,Intermediate
192,Entrepreneurship,Building a Landing Page That Converts,Learn how to build a single web page that convinces visitors to buy subscribe or contact you,You will be able to build a high-converting landing page with a compelling headline clear benefits and strong CTA,"Landing page anatomy, copywriting fundamentals, CTA design, social proof, lead capture, A/B testing",Build a complete landing page for a tech service and achieve over 20% conversion rate in testing,4 hours,Beginner
193,Entrepreneurship,Sales Fundamentals: Selling Without Feeling Pushy,Learn the principles of honest effective selling that gets people to say yes,You will be able to conduct a complete sales conversation that addresses objections and closes a deal naturally,"Discovery questions, value articulation, objection handling, closing techniques, follow-up cadence",Role-play 5 complete sales conversations for a tech service covering different objection scenarios,4 hours,Beginner
194,Entrepreneurship,Writing Proposals That Win Contracts,Learn how to write compelling business proposals that convince clients to choose you over competitors,You will be able to write a professional proposal for any service that wins at least 30% of the time,"Proposal structure, problem restatement, solution presentation, pricing justification, social proof, call to action",Write 3 complete proposals for real or practice service opportunities,4 hours,Intermediate
195,Entrepreneurship,Financial Management for Tech Businesses,Learn how to manage money in a tech business so you stay profitable and grow sustainably,You will be able to track revenue expenses and profit run a cash flow forecast and price for profitability,"Revenue and cost tracking, cash flow, invoicing, tax basics in Nigeria, reinvestment decisions",Build a complete financial model for a tech service business for 12 months,4 hours,Beginner
196,Entrepreneurship,Invoicing and Getting Paid: Never Chase a Client Again,Learn how to invoice professionally collect payment on time and handle late payers,You will be able to create professional invoices set clear payment terms and use follow-up systems that get paid,"Invoice design, payment terms, milestone billing, late payment policies, online payment collection",Create an invoice template and a payment collection system for a tech freelance business,2 hours,Beginner
197,Entrepreneurship,Building a Tech Startup: From Idea to First Revenue,Learn the step-by-step process for turning a tech idea into a business that earns money,You will be able to take any tech idea through validation product development and first paying customer in 90 days,"Idea validation, MVP definition, build vs buy decisions, go-to-market strategy, first revenue",Build and launch a minimum viable product for a real tech idea within the course duration,10 hours,Intermediate
198,Entrepreneurship,SaaS Business Models: Recurring Revenue in Tech,Learn how Software as a Service businesses generate consistent monthly revenue and how to build one,You will be able to design a SaaS pricing model build a subscription system and calculate key SaaS metrics,"SaaS vs one-time software, subscription tiers, MRR ARR churn LTV, free trial vs freemium",Design a complete SaaS pricing and monetisation model for a real or practice software idea,4 hours,Intermediate
199,Entrepreneurship,Agency Business Model: Selling Tech Skills at Scale,Learn how to structure a tech agency that delivers client projects profitably and repeatedly,You will be able to set up a tech agency with services pricing hiring workflow and client management,"Service menu design, project scoping and estimation, SOW writing, subcontracting, client management",Create a complete service menu pricing guide and SOW template for a Nigerian tech agency,4 hours,Intermediate
200,Entrepreneurship,Pitching to Investors: Getting Funded in Nigeria,Learn how to pitch a startup to Nigerian and diaspora investors including TEF NITDA and angel networks,You will be able to build a compelling investor pitch deck and deliver a 5-minute pitch confidently,"Pitch deck structure, problem and solution narrative, market sizing, traction slides, the ask",Build a complete 12-slide pitch deck for your own startup and practice delivering it in 5 minutes,5 hours,Intermediate
201,Entrepreneurship,Grant Writing for Tech Startups: Free Money That Exists,Learn how to find and apply for grants specifically available to Nigerian tech startups,You will be able to identify relevant grants complete applications convincingly and track your submissions,"TEF application, Tony Elumelu programme, NITDA, Google.org, World Bank grants, application strategy",Write a complete application for the Tony Elumelu Foundation Entrepreneurship Programme,5 hours,Intermediate
202,Entrepreneurship,Building a Personal Brand as a Tech Professional,Learn how to build a personal brand that makes clients find you instead of you finding them,You will be able to create a consistent personal brand presence that generates inbound opportunities,"Personal brand concept, LinkedIn optimisation, Twitter/X strategy, blogging and thought leadership",Build your complete personal brand across LinkedIn GitHub and one blog platform,5 hours,Beginner
203,Entrepreneurship,LinkedIn for Tech Professionals: The Platform That Gets Jobs and Contracts,Learn how to optimise LinkedIn to attract recruiters investors and clients,You will be able to build a LinkedIn profile that ranks in recruiter searches and actively generates opportunities,"Profile optimisation, keyword strategy, content creation for LinkedIn, connection strategy, DM templates",Build a fully optimised LinkedIn profile and a 30-day posting strategy,4 hours,Beginner
204,Entrepreneurship,Productising Your Service: From Custom Work to Scalable Income,Learn how to turn your custom service work into a standardised product that can be sold repeatedly,You will be able to define package your price and market a standardised service as if it were a product,"Productisation concept, fixed-scope packages, delivery systems, documentation, scaling without more hours",Productise one of your current services into 3 clear packages with fixed prices and deliverables,3 hours,Intermediate
205,Entrepreneurship,Building Passive Income Streams as a Developer,Learn how to build income that continues earning without trading time for money,You will be able to launch at least one passive income stream using your tech skills,"Digital products, course creation, SaaS micro-tools, templates and themes, open-source monetisation",Launch one digital product that earns its first sale without active selling,6 hours,Intermediate
206,Entrepreneurship,Customer Retention: Keeping Clients for Years,Learn how to keep clients coming back and referring others rather than always hunting new business,You will be able to implement a customer success system that increases repeat business by at least 30%,"Onboarding, regular check-ins, delivering more than promised, upselling, referral programmes",Build a complete client retention system for a tech service business,3 hours,Intermediate
207,Entrepreneurship,Project Management for Tech Freelancers,Learn how to manage multiple client projects simultaneously without missing deadlines,You will be able to manage 3 or more concurrent projects using Trello or Notion with clear milestones,"Scope management, milestone tracking, client communication, scope creep prevention, delivery checklist",Set up a project management system that tracks 5 simultaneous client projects,3 hours,Beginner
208,Entrepreneurship,Negotiation: Getting Paid What You Deserve,Learn negotiation skills specifically for tech contractors and freelancers in Nigerian and international markets,You will be able to negotiate rates confidently counter low offers and close at your desired price,"Anchoring, BATNA, silence as a tool, Nigerian negotiation norms, international rate negotiation",Role-play 5 rate negotiation scenarios for tech services and evaluate outcomes,3 hours,Intermediate
209,Entrepreneurship,Building a Tech Business Without Capital,Learn how to start and grow a technology business using skills and sweat equity instead of money,You will be able to identify and execute a path to first revenue without needing startup funding,"Bootstrapping strategies, barter and equity deals, open source tools, free hosting, bartering services",Create a 90-day plan to launch a tech business with zero capital investment,3 hours,Beginner
210,Entrepreneurship,Creating and Selling Online Courses: Your Knowledge as Income,Learn how to turn your expertise into an online course and sell it to students across Nigeria and beyond,You will be able to design record edit and sell a complete online course in your area of expertise,"Course design, recording setup, video editing basics, Selar and Teachable platforms, marketing",Design and launch the first module of a real course you will sell,6 hours,Intermediate
211,Entrepreneurship,Building a SaaS for Nigerian SMEs,Learn how to build simple software tools that Nigerian small businesses will pay for monthly,You will be able to identify a Nigerian SME pain point build a simple SaaS solution and launch it to first subscribers,"Nigerian SME pain points, simple SaaS architecture, payment integration, onboarding, churn prevention",Build and launch a simple SaaS tool for a specific Nigerian small business type,10 hours,Intermediate
212,Entrepreneurship,Tech Consulting: High-Paid Advisory for Businesses,Learn how to position yourself as a tech consultant who advises businesses rather than just building for them,You will be able to offer and price tech consulting engagements that pay 3-5x what project work pays,"Consulting vs contracting, advisory pricing, discovery process, recommendations framework, retainer model",Write a complete consulting engagement proposal for a fictional company's digital transformation,4 hours,Advanced
213,Entrepreneurship,Building a Successful YouTube Channel as a Tech Creator,Learn how to build a YouTube channel that teaches tech concepts and generates income through ads and sponsorships,You will be able to set up your channel create your first 10 videos and grow to 1000 subscribers,"Channel strategy, scripting tutorials, recording and editing, SEO for YouTube, monetisation",Plan script and record your first 3 tutorial videos and upload them to YouTube,6 hours,Intermediate
214,Entrepreneurship,Twitter X Strategy for Tech Professionals: Building Thought Leadership,Learn how to use Twitter X to build credibility attract opportunities and grow a following in tech,You will be able to post consistently on Twitter X grow from 0 to 500 followers and get inbound opportunities,"Profile setup, content strategy, thread writing, engagement tactics, growing in the Nigerian tech community",Write and schedule 30 days of Twitter X content and implement an engagement strategy,3 hours,Beginner
215,Entrepreneurship,Networking That Works: Building Relationships That Advance Your Career,Learn how to network effectively in Nigerian tech communities both online and in person,You will be able to build genuine professional relationships that lead to jobs contracts and partnerships,"Networking mindset, in-person events, online communities, giving before asking, follow-up systems",Attend or participate in 3 different networking opportunities and follow up with 5 new contacts,3 hours,Beginner
216,Entrepreneurship,Tech Entrepreneurship in Northern Nigeria: Unique Opportunities,Learn about the specific technology opportunities and market dynamics in Northern Nigeria,You will be able to identify viable tech business opportunities in Hausa-speaking and Northern Nigerian markets,"Northern Nigeria digital landscape, Hausa tech content opportunity, agricultural tech, mobile money",Research and present 3 validated tech business opportunities specific to Northern Nigeria,4 hours,Beginner
217,Entrepreneurship,Building a Tech Business in a Tier-2 Nigerian City,Learn how to build a successful tech business outside Lagos Abuja and Port Harcourt,You will be able to identify tech opportunities in cities like Makurdi Kano Ibadan Enugu and Jos,"Regional market analysis, local government opportunities, talent in tier-2 cities, university partnerships",Map the tech business landscape in your own city and identify the top 3 opportunities,3 hours,Beginner
218,Entrepreneurship,Intellectual Property for Tech Founders: Protecting Your Work,Learn how to protect your software ideas brand and content legally in Nigeria,You will be able to register a trademark apply for copyright protection and use basic IP clauses in contracts,"Copyright vs patent vs trademark, CAC trademark registration, open-source licensing, IP in employment contracts",Register a trademark for a fictional tech brand and write a basic IP protection clause,3 hours,Intermediate
219,Entrepreneurship,Hiring Your First Employee or Contractor,Learn when and how to hire your first person to help grow your tech business,You will be able to write a job description run an interview process and structure a fair compensation package,"When to hire vs contract, job description writing, technical interview questions, Nigerian employment law basics",Write a complete hiring process for a junior web developer position at a small tech firm,3 hours,Intermediate
220,Entrepreneurship,Partnership and Equity: Sharing Ownership Fairly,Learn how to structure partnerships and equity arrangements in a way that is fair and legally sound,You will be able to design a founders agreement that covers equity vesting roles and exit scenarios,"Equity split methods, vesting schedules, founders agreement essentials, how to value contributions",Draft a founders agreement for a 3-person tech startup covering equity vesting and roles,3 hours,Intermediate
221,Entrepreneurship,Building a Tech Startup Team With No Money,Learn how to build a committed founding team using equity and vision when you cannot pay salaries,You will be able to identify recruit and retain co-founders and early team members using non-cash incentives,"Equity as compensation, founder market fit, complementary skills, team vesting, culture building",Design the team structure and equity plan for a 5-person tech startup,3 hours,Intermediate
222,Entrepreneurship,Customer Service Excellence in Tech,Learn how to handle client communication feedback complaints and difficult situations professionally,You will be able to respond to any client situation in a way that builds trust and increases retention,"Response time expectations, complaint handling framework, over-communication principle, refund policies",Handle 10 simulated difficult client scenarios using the communication framework,3 hours,Beginner
223,Entrepreneurship,Building an Online Community That Grows Your Business,Learn how to build and manage an online community on WhatsApp Facebook or Discord that becomes a business asset,You will be able to grow an engaged community that generates leads and referrals for your business,"Community strategy, WhatsApp group management, Facebook group growth, engagement frameworks, monetisation",Build a 30-day growth plan for the Silabs Academy WhatsApp group,4 hours,Intermediate
224,Entrepreneurship,Tech Business Legal Basics: Contracts and Agreements,Learn the essential legal documents every tech business needs to operate professionally,You will be able to write or review a basic service agreement NDA and website terms and conditions,"Service agreement essentials, NDA basics, website terms of service, IP ownership in contracts",Draft a complete service agreement for a web development project,3 hours,Intermediate
225,Entrepreneurship,Product Roadmap: Planning What to Build and When,Learn how to create a product roadmap that aligns with business goals and communicates clearly to stakeholders,You will be able to build a 12-month product roadmap with prioritised features and clear milestones,"Roadmap concepts, feature prioritisation frameworks, stakeholder communication, agile vs roadmap",Build a complete 12-month product roadmap for a real tech product,4 hours,Intermediate
226,Entrepreneurship,Agile for Small Teams: Moving Fast and Shipping Often,Learn the Agile and Scrum methodology adapted for small tech teams without enterprise overhead,You will be able to run 2-week sprints plan work with your team and ship software on a consistent schedule,"Sprints and sprint planning, user stories, daily standups, retrospectives, Kanban for solo developers",Run a complete 2-week sprint cycle for a real or practice project using Trello,3 hours,Intermediate
227,Entrepreneurship,Remote Work and International Clients: Working Across Borders,Learn how to work professionally with international clients manage time zones and receive payment globally,You will be able to set up systems to work with international clients receive USD payments and manage remote relationships,"Time zone management, communication with international clients, Wise and Grey for dollar payments, remote work tools",Set up a complete international freelance system including payment receipt and client communication,3 hours,Intermediate
228,Entrepreneurship,Subscription Economy: Building Products People Pay for Monthly,Learn the psychology and mechanics of subscriptions and how to design a product people will not cancel,You will be able to design a subscription product with strong retention mechanics and acceptable churn,"Subscription psychology, value delivery per month, churn analysis, dunning management, pricing tiers",Design a subscription product with retention features and a pricing model,3 hours,Intermediate
229,Entrepreneurship,From Employee to Entrepreneur: Making the Leap Safely,Learn how to transition from a salaried tech job to running your own business with minimal financial risk,You will be able to create a financial bridge plan that lets you launch your business while managing income risk,"Side income while employed, runway calculation, minimum viable income, when to quit, client pipeline before quitting",Build a 6-month bridge plan for transitioning from employment to full-time entrepreneurship,3 hours,Foundation
230,Entrepreneurship,Building a Government Technology Proposal That Gets Approved,Learn how to write and present technology proposals to Nigerian government MDAs agencies and parastatals,You will be able to write a formal government tech proposal that navigates procurement requirements effectively,"Government procurement process, TENDERS and RFPs, technical proposal writing, pricing for government, relationships",Write a complete technical and financial proposal for a fictional government digital project,5 hours,Advanced
231,Entrepreneurship,EdTech Entrepreneurship: Building Education Products for Nigeria,Learn how to identify and build technology products for Nigeria's massive education market,You will be able to design a viable education technology product for a specific segment of the Nigerian education market,"Nigerian education landscape, EdTech models that work, UBEC and SUBEB as customers, student payment dynamics",Design and validate an EdTech product for the Nigerian secondary school market,5 hours,Intermediate
232,Entrepreneurship,FinTech Entrepreneurship: Building Financial Products for Nigeria,Learn how to navigate the regulatory and technical requirements for building financial technology in Nigeria,You will be able to explain the CBN regulatory requirements identify PTSP and PSSP licensing paths and design a viable fintech product,"CBN licensing overview, PSP and PSSP, NIBSS, agency banking, building without a licence using BaaS",Design a fintech product that is viable within CBN regulations and identify the licensing path,5 hours,Advanced
233,Entrepreneurship,Turning a WhatsApp Group Into a Business,Learn how to monetise an existing WhatsApp community by selling knowledge products and services,You will be able to earn revenue from any WhatsApp group within 30 days using paid content and services,"Broadcast monetisation, paid subgroup model, selling courses from WhatsApp, Selar link selling",Design and launch a paid WhatsApp product to an existing group of at least 50 people,4 hours,Beginner
234,Entrepreneurship,Content Marketing for B2B Tech Sales,Learn how to use content to attract business clients and close high-value contracts,You will be able to create content that speaks to decision-makers at companies and governments and generates leads,"B2B content strategy, case study writing, LinkedIn articles, technical white papers, webinars",Write 3 pieces of B2B content for a tech service and measure engagement,5 hours,Intermediate
235,Entrepreneurship,The Tech Business That Generates Income While You Sleep,Learn how to build automated income systems using digital products memberships and licensing,You will be able to set up at least one automated income stream that earns without daily manual work,"Digital product types, automated delivery systems, passive income math, minimum effort income",Launch one automated digital product and set up the complete sales and delivery system,5 hours,Intermediate
236,Entrepreneurship,Customer Discovery: Talking to Users Before Building,Learn how to conduct customer discovery interviews that reveal what to build before you write a single line of code,You will be able to design and conduct 10 customer discovery interviews and extract actionable insights,"Interview design, asking questions without leading, synthesising insights, pivot vs persevere decision",Conduct 5 real customer discovery interviews for your own business idea and present findings,4 hours,Intermediate
237,Entrepreneurship,Building a Tech Portfolio Company: Owning Multiple Products,Learn the strategy of building multiple small tech products that collectively generate significant income,You will be able to design a personal tech portfolio strategy and manage multiple products simultaneously,"Portfolio vs single product strategy, prioritisation, shared infrastructure, cross-selling, time management",Design a personal tech product portfolio strategy and build the first product,6 hours,Advanced
238,Entrepreneurship,Accelerators and Incubators: Getting Into CcHUB FATE and Others,Learn how to apply to and get the most from Nigerian tech accelerator and incubator programmes,You will be able to prepare a compelling application for CcHUB iDEA FATE Foundation and other top programmes,"What accelerators offer, application requirements, how to stand out, making the most of the programme",Write a complete accelerator application for your startup,4 hours,Intermediate
239,Entrepreneurship,Impact Tech: Building for Social Good and Profitability,Learn how to build technology businesses that are both profitable and address real social challenges,You will be able to identify tech opportunities that are commercially viable and socially impactful in Nigeria,"Impact metrics, social enterprise models, impact investing, SDG alignment, measuring social return",Design a technology business that addresses a specific social challenge while being commercially viable,4 hours,Foundation
240,Entrepreneurship,Exit Strategy: Building a Business You Can Sell,Learn how to build your tech business in a way that makes it attractive to buyers or investors for an exit,You will be able to identify metrics that increase valuation design systems that reduce key-person dependency,"Valuation multiples for tech companies, IP ownership, documentation, revenue quality, clean cap table",Assess a fictional tech company's exit readiness and write a 12-month plan to improve it,4 hours,Advanced
241,Entrepreneurship,Personal Finance for Tech Professionals,Learn how to manage your income from tech work to build long-term wealth in Nigeria,You will be able to build a personal financial system that saves invests and protects your tech income,"Emergency fund, investment basics, stocks vs real estate, separating business and personal money",Create a personal financial plan for your current income level and 3x income level,3 hours,Foundation
242,Entrepreneurship,Creating a Scalable Course Business on Selar,Learn how to build a profitable online course business on Nigeria's leading digital product platform,You will be able to create upload market and sell courses on Selar earning consistently each month,"Selar platform walkthrough, course pricing for Nigeria, product page optimisation, payment management",Create and publish your first paid course on Selar with a complete marketing plan,4 hours,Beginner
243,Entrepreneurship,Building a Tech Recruitment Agency,Learn how to start a tech recruitment agency that connects developers with companies in Nigeria and abroad,You will be able to source vet and place tech talent and earn placement fees from both sides,"Talent sourcing, candidate assessment, client acquisition, placement fee structures, contracts",Build the first month's pipeline for a fictional tech recruitment agency,4 hours,Intermediate
244,Entrepreneurship,Product Design Thinking: Building What People Actually Want,Learn the design thinking methodology to ensure you build products that genuinely solve user problems,You will be able to run a complete design thinking sprint from empathy mapping to prototype,"Empathise define ideate prototype test, user personas, journey mapping, prototype fidelity",Run a complete design thinking sprint for a real problem in your community,5 hours,Intermediate
245,Entrepreneurship,Growth Hacking for Nigerian Tech Startups,Learn growth strategies that work specifically for Nigerian startups with limited marketing budgets,You will be able to identify and run 5 growth experiments and measure which channel drives customer acquisition,"Viral loops, referral programmes, community growth, WhatsApp and SMS marketing, network effects",Design and run 3 growth experiments for a real business and measure results,5 hours,Intermediate
246,IoT and Hardware,What is IoT: How Everyday Devices Get Connected to the Internet,Understand the Internet of Things from first principles — what it is how it works and where it is already in your life,You will be able to explain how any IoT device connects sends data and receives commands and identify IoT opportunities in Nigeria,"What IoT is, sensors and actuators, connectivity protocols, edge vs cloud, IoT in Nigeria today",Map all the IoT devices you encounter in a day and explain how each one works,2 hours,Foundation
247,IoT and Hardware,Arduino From Zero: Programming Physical Hardware,Learn Arduino the beginner-friendly hardware platform that lets you program the physical world,You will be able to write Arduino C code that reads sensors controls LEDs motors and displays output,"Arduino IDE, digital and analog pins, setup() and loop(), Serial monitor, C basics for Arduino",Build a temperature alarm that lights an LED and sounds a buzzer when temperature exceeds a threshold,5 hours,Beginner
248,IoT and Hardware,Raspberry Pi: A Full Computer the Size of a Card,Learn the Raspberry Pi single-board computer and how to use it as the brain of any IoT project,You will be able to set up a Raspberry Pi connect it to the internet run Python code and interface with hardware,"Raspberry Pi setup, Raspbian OS, GPIO pins, Python for hardware, SSH access, running scripts on boot",Build a Raspberry Pi that reads a temperature sensor and sends readings to a web dashboard every 5 minutes,6 hours,Beginner
249,IoT and Hardware,Sensors: The Eyes and Ears of IoT Systems,Learn how the 20 most common sensors work and how to read them with Arduino or Raspberry Pi,You will be able to connect and read data from temperature humidity motion ultrasonic and gas sensors correctly,"Sensor types and working principles, analog vs digital sensors, reading data in code, calibration",Build a multi-sensor environment monitor that reads temperature humidity motion and gas levels simultaneously,5 hours,Beginner
250,IoT and Hardware,ESP8266 and ESP32: The Cheapest Way to Connect Hardware to WiFi,Learn the ESP microcontrollers that bring WiFi capability to any hardware project at low cost,You will be able to program an ESP32 to connect to WiFi send sensor data to a web server and receive commands,"ESP32 vs ESP8266, programming with Arduino IDE, WiFi connection, HTTP requests from hardware, deep sleep",Build an ESP32 sensor node that sends temperature readings to a PHP server every minute,5 hours,Beginner
251,IoT and Hardware,MQTT: The Protocol That Powers IoT Communication,Learn MQTT the lightweight messaging protocol that connects millions of IoT devices worldwide,You will be able to set up an MQTT broker publish sensor data and subscribe to receive commands from any IoT device,"What MQTT is, publish and subscribe, topics and QoS, Mosquitto broker, MQTT in Python and Arduino",Build an MQTT system where a sensor publishes data and a dashboard subscribes and displays it live,5 hours,Intermediate
252,IoT and Hardware,Building a Smart Home System From Scratch,Learn how to build a basic home automation system using affordable components available in Nigeria,You will be able to control lights fans and appliances from a phone app using ESP32 and a relay module,"Relay modules, WiFi control, mobile control with Blynk, voice control setup, safety considerations",Build a working smart switch that controls a real light bulb from a phone app,6 hours,Intermediate
253,IoT and Hardware,IoT Dashboard: Visualising Sensor Data in Real Time,Learn how to build a web dashboard that displays live IoT data in charts and gauges,You will be able to build a real-time dashboard that displays any sensor data updating live without page refresh,"WebSockets for real-time, Chart.js, data storage in MySQL, frontend gauges, alert thresholds",Build a live dashboard that displays temperature and humidity from 3 sensor nodes,5 hours,Intermediate
254,IoT and Hardware,Power Management for IoT: Making Devices That Last,Learn how to design IoT devices that run on batteries for months or years using sleep modes and efficient code,You will be able to calculate battery life for any IoT device and implement sleep modes to extend it,"ESP32 deep sleep, sensor power management, solar charging, battery selection, power consumption measurement",Extend an ESP32 sensor node's battery life from 2 days to 3 months using deep sleep,4 hours,Intermediate
255,IoT and Hardware,GSM and SMS: IoT Without WiFi,Learn how to add GSM mobile network connectivity to IoT devices for areas without WiFi coverage,You will be able to build IoT devices that send SMS alerts and upload data using a GSM SIM card,"SIM800L module, AT commands, sending SMS, GPRS data connection, power requirements",Build a remote farm sensor that sends daily SMS temperature readings and alerts on extremes,5 hours,Intermediate
256,IoT and Hardware,Building an IoT Smart Agriculture System,Learn how to build affordable IoT systems for monitoring farm conditions and automating irrigation,You will be able to build a system that monitors soil moisture weather and automatically waters crops,"Soil moisture sensors, weather sensors, relay-controlled pumps, threshold automation, data logging",Build a smart irrigation system that monitors soil moisture and waters a plot automatically,7 hours,Intermediate
257,IoT and Hardware,IoT Security: Protecting Connected Devices,Learn the security vulnerabilities in IoT devices and how to design hardware that cannot be easily hacked,You will be able to identify and fix the 10 most common IoT security vulnerabilities in any connected device,"Common IoT attacks, secure firmware updates, TLS on IoT, authentication for devices, network segmentation",Audit an insecure IoT setup and implement security hardening for all identified vulnerabilities,4 hours,Advanced
258,IoT and Hardware,Soldering and Circuit Building: Hands-On Electronics,Learn how to solder electronic components and build circuits on prototype boards and PCBs,You will be able to solder components correctly build circuits from schematics and fix common hardware faults,"Soldering technique, reading schematics, breadboard vs PCB, common components resistors capacitors diodes",Build a complete electronics project from a schematic including PCB design on EasyEDA,4 hours,Beginner
259,IoT and Hardware,PCB Design: Creating Custom Circuit Boards,Learn how to design professional printed circuit boards for your IoT and electronics projects,You will be able to design a complete PCB in EasyEDA export Gerber files and order manufactured boards,"Schematic capture, PCB layout rules, routing traces, Gerber files, ordering from JLCPCB",Design a simple IoT sensor PCB with power management and have it manufactured,6 hours,Intermediate
260,IoT and Hardware,3D Printing for Makers: Building IoT Enclosures,Learn 3D printing to create custom enclosures and parts for any electronics project,You will be able to design 3D models for IoT project enclosures and prepare them for printing,"Fusion 360 or Tinkercad basics, enclosure design, tolerances, slicing with Cura, ordering or printing",Design and produce a custom waterproof enclosure for an outdoor IoT sensor,5 hours,Beginner
261,IoT and Hardware,Industrial IoT: Monitoring Machines and Factories,Learn how IoT is applied in industrial settings to monitor machines prevent failures and optimise production,You will be able to design an industrial sensor monitoring system with real-time alerts and predictive maintenance,"Industrial sensors, 4-20mA signals, Modbus protocol, PLC basics, SCADA system concepts",Design an IoT monitoring system for a factory generator with vibration temperature and runtime tracking,5 hours,Advanced
262,IoT and Hardware,LoRaWAN: Long-Range IoT for Rural Areas,Learn LoRaWAN the radio technology that enables IoT connectivity kilometres from any WiFi or GSM network,You will be able to build a LoRa network that connects sensors over 5km range with tiny battery power,"LoRa vs LoRaWAN, range vs data rate tradeoffs, gateway setup, The Things Network, agriculture applications",Build a LoRa sensor network covering a 2km range and visualise data on The Things Network,6 hours,Advanced
263,IoT and Hardware,Zigbee and Z-Wave: Mesh Network IoT,Learn mesh networking protocols that create self-healing networks of IoT devices in homes and buildings,You will be able to build a Zigbee mesh network of sensors and controllers for a building automation project,"Zigbee protocol, mesh networking concept, coordinator and end devices, Home Assistant integration",Build a Zigbee mesh network of 5 sensor nodes and integrate it with a home automation dashboard,5 hours,Advanced
264,IoT and Hardware,Edge Computing: Processing IoT Data Locally,Learn edge computing to process IoT data on the device rather than sending everything to the cloud,You will be able to implement edge inference on a Raspberry Pi for real-time local decision making,"Edge vs cloud computing, TensorFlow Lite on Pi, local vs remote processing, latency and bandwidth benefits",Build an edge AI system that classifies objects from camera input locally with no internet,6 hours,Advanced
265,IoT and Hardware,Building a Smart Metering System,Learn how to build electricity and water meter reading systems that transmit data automatically,You will be able to build an automated meter reading system that uploads consumption data to a web dashboard,"Current transformers, pulse counting, prepaid meter concepts, DLMS protocol basics, data transmission",Build a smart electricity monitor that tracks real-time power consumption and sends alerts,6 hours,Intermediate
266,IoT and Hardware,GPS Tracking: Building Location-Aware Devices,Learn GPS technology and how to build vehicle and asset tracking systems,You will be able to build a GPS tracker that reports location every minute to a web map,"GPS modules, NMEA data, parsing coordinates, Google Maps API, geofencing alerts",Build a vehicle tracker that shows real-time location on a web map and sends alerts when it leaves an area,6 hours,Intermediate
267,IoT and Hardware,Computer Vision on IoT: Face and Object Detection on Low Power Devices,Learn how to run computer vision models on resource-constrained hardware like Raspberry Pi and Jetson Nano,You will be able to deploy face detection or object detection on a Raspberry Pi in real time,"OpenCV on Pi, TensorFlow Lite, NCNN framework, frame rate optimisation, camera module setup",Build a real-time person counter using a Raspberry Pi camera that increments a web counter,6 hours,Advanced
268,IoT and Hardware,IoT for Healthcare: Patient Monitoring Systems,Learn how IoT sensors are used to monitor patient vital signs and automate health alerts,You will be able to build a basic patient monitoring system that reads pulse and temperature and sends alerts,"Pulse oximeter sensors, ECG basics, BLE transmission, alert thresholds, privacy considerations",Build a wristband-style device that reads pulse and temperature and sends alerts to a nurse dashboard,6 hours,Intermediate
269,IoT and Hardware,Building a Weather Station With IoT,Learn how to build a complete weather monitoring station that broadcasts data online,You will be able to build a professional weather station with web dashboard and historical data storage,"BME280 for temperature humidity pressure, wind speed anemometer, rain gauge, Weather Underground upload",Build a complete personal weather station and upload readings to Weather Underground every 10 minutes,6 hours,Intermediate
270,IoT and Hardware,IoT Data Pipeline: From Sensor to Database to Dashboard,Learn how to build the complete data pipeline that takes sensor readings from hardware to a database to a UI,You will be able to build an end-to-end IoT data pipeline that ingests stores queries and visualises sensor data,"Data ingestion, time-series databases InfluxDB, Grafana dashboard, data aggregation, retention policies",Build a complete pipeline from an Arduino sensor through MQTT to InfluxDB and Grafana,7 hours,Intermediate
271,IoT and Hardware,Bluetooth and BLE: Short-Range IoT Communication,Learn Bluetooth and BLE communication to build devices that talk to phones and nearby hardware,You will be able to build a BLE sensor that broadcasts data to a smartphone app,"BLE vs Classic Bluetooth, GATT profile, characteristics and services, nRF52 and ESP32 BLE, phone apps",Build a BLE heart rate monitor that broadcasts to a custom phone app,5 hours,Intermediate
272,IoT and Hardware,NFC and RFID: The Technology Behind Access Cards,Learn how NFC and RFID work and how to build access control and payment applications with them,You will be able to build an RFID access control system and a contactless identification application,"RFID vs NFC, RC522 module, reading and writing cards, MIFARE format, access control logic",Build a student attendance system using RFID cards that records entry times to a database,4 hours,Beginner
273,IoT and Hardware,Digital Signage With IoT: Display Boards That Update Remotely,Learn how to build digital signage systems that update content remotely for shops schools and businesses,You will be able to build a digital display that updates its content from a web dashboard without physical access,"Raspberry Pi as display, Chromium kiosk mode, web-based content management, auto-update, scheduling",Build a digital notice board for a school that can be updated remotely from a web interface,4 hours,Intermediate
274,IoT and Hardware,Embedded C Programming: The Language of Hardware,Learn Embedded C the language used to program microcontrollers professionally,You will be able to write Embedded C programs that control registers access peripherals and run on bare metal hardware,"Registers and memory maps, bit manipulation, interrupts, timers, UART, I2C and SPI protocols",Write Embedded C code that controls an STM32 LED from a push button using interrupts,8 hours,Advanced
275,IoT and Hardware,IoT Firmware Updates: Deploying Updates Over the Air,Learn how to build IoT devices that update their own firmware remotely without needing physical access,You will be able to implement OTA firmware updates for ESP32 devices deployed anywhere,"OTA update concepts, ESP32 OTA with Arduino, update server, rollback on failure, versioning",Implement an OTA update system for a deployed ESP32 sensor and push a firmware update remotely,4 hours,Advanced
276,IoT and Hardware,Smart Poultry Farming: IoT for Nigerian Agriculture,Learn how to build an automated IoT monitoring system for poultry farms,You will be able to build a system that monitors temperature humidity and ammonia and auto-controls fans and heaters,"Gas sensors, automatic fan control, alert systems, data logging, WhatsApp SMS notifications",Build a poultry house monitoring system that auto-controls environment and sends daily reports,6 hours,Intermediate
277,IoT and Hardware,Solar and Renewable Energy Monitoring With IoT,Learn how to build IoT systems that monitor solar panel output battery levels and energy consumption,You will be able to build a solar energy monitoring dashboard that tracks generation consumption and battery state,"Current and voltage sensing, INA219 module, battery SOC calculation, energy dashboard",Build a solar system monitor that displays real-time generation consumption and battery percentage,5 hours,Intermediate
278,IoT and Hardware,Building a Smart Classroom,Learn how to build IoT systems that improve learning environments in schools,You will be able to build a classroom monitoring system covering attendance environment and energy management,"RFID attendance, air quality monitoring, smart lighting, occupancy detection, dashboard for teachers",Design and build a complete smart classroom IoT system as a deployable school product,7 hours,Intermediate
279,IoT and Hardware,Wearables: Building Devices You Wear,Learn how to build wearable electronics including fitness trackers and health monitors,You will be able to design and build a basic wearable device using flexible hardware and BLE communication,"Wearable hardware constraints, flex circuit basics, MPU6050 for motion, BLE to phone, power for wearables",Build a step counter wristband that syncs daily step count to a phone app,6 hours,Advanced
280,IoT and Hardware,IoT Business Models: Selling Connected Products,Learn how to build a business around IoT hardware and the recurring service revenue it enables,You will be able to design a hardware product business with both hardware revenue and subscription service income,"Hardware margins, IoT SaaS, device as a service, support and maintenance, connectivity costs",Design a complete business model for an IoT product targeting Nigerian agriculture or security,3 hours,Foundation
281,IoT and Hardware,OpenCV for Video Analytics: Counting and Tracking,Learn how to use computer vision to extract business intelligence from video streams,You will be able to build video analytics that count people track objects and detect anomalies in footage,"Background subtraction, contour detection, centroid tracking, line crossing counting, video annotation",Build a customer footfall counter using a camera that counts entries and exits per hour,5 hours,Intermediate
282,IoT and Hardware,Node-RED: Visual Programming for IoT,Learn Node-RED the visual flow-based programming tool that makes IoT automation faster to build,You will be able to build IoT automation flows that connect sensors APIs databases and dashboards using Node-RED,"Node-RED installation, nodes and wires, inject and debug, MQTT node, dashboard node, HTTP requests",Build a complete IoT monitoring and alerting system using only Node-RED flows with no manual coding,4 hours,Beginner
283,IoT and Hardware,Microcontroller Fundamentals: How CPUs Really Work,Learn how microcontrollers work at the register level the foundation for all embedded programming,You will be able to explain the CPU fetch-decode-execute cycle memory architecture and peripheral bus operation,"CPU architecture, ALU, registers, memory mapped I/O, interrupts, clock and timing",Trace the execution of a simple program through an Arduino at the register level using a simulator,4 hours,Foundation
284,IoT and Hardware,IoT with Python on Raspberry Pi: Industrial Applications,Learn how to use Python on Raspberry Pi for industrial monitoring and control applications,You will be able to build a Python-based industrial monitoring system with real-time data collection and alerting,"GPIO with Python, I2C and SPI in Python, multithreading for IoT, database integration, alarm systems",Build a Python industrial monitoring system for a diesel generator with runtime and fault alerts,6 hours,Intermediate
285,IoT and Hardware,Voice Control for IoT: Talking to Your Devices,Learn how to add offline voice control to IoT devices using local speech recognition,You will be able to build voice-controlled smart home devices that work without internet connectivity,"PicoVoice for offline voice, wake word detection, command recognition, Alexa alternative, privacy tradeoffs",Build a voice-controlled room automation system that responds to 10 voice commands offline,5 hours,Advanced
286,IoT and Hardware,Building a Flood Detection System,Learn how to build IoT flood sensors that can provide early warning for communities near waterways,You will be able to build a flood detection network with GSM alerts that warns communities before flooding,"Ultrasonic water level sensing, GSM SMS alerts, threshold alarms, solar power, weatherproofing",Build and deploy a flood warning sensor that sends SMS alerts when water level rises dangerously,5 hours,Intermediate
287,IoT and Hardware,Smart Street Lighting: IoT for Infrastructure,Learn how to build intelligent street lighting systems that save power and respond to conditions,You will be able to build an automated street lighting controller with motion detection and energy monitoring,"Light-dependent resistors, motion sensors, relay control, energy metering, remote management",Design and build a prototype smart street light controller that adjusts brightness based on motion,5 hours,Intermediate
288,IoT and Hardware,IoT Testing and Quality Assurance,Learn how to test IoT systems thoroughly before deploying them in real environments,You will be able to design and execute a complete test plan for any IoT system covering hardware software and communication,"Hardware testing, firmware unit tests, network reliability testing, stress testing, field testing",Write and execute a complete test plan for an ESP32-based IoT sensor system,4 hours,Intermediate
289,IoT and Hardware,Building IoT With the Cloud: AWS IoT and Azure IoT,Learn how to connect IoT devices to major cloud platforms for scalable data storage and processing,You will be able to connect hardware sensors to AWS IoT Core or Azure IoT Hub and build a cloud dashboard,"Cloud IoT architecture, MQTT to cloud, device registry, telemetry data, cloud rules and triggers",Connect an ESP32 to AWS IoT Core and build a CloudWatch dashboard showing live sensor data,5 hours,Advanced
290,IoT and Hardware,Reverse Engineering: Understanding Any Electronic Device,Learn how to examine disassemble and understand any electronic device or circuit,You will be able to identify components on a PCB trace signals and understand how an unknown circuit functions,"Multimeter and oscilloscope use, component identification, circuit tracing, datasheet reading",Reverse-engineer a common household electronic device and document how it works,5 hours,Advanced
291,Cybersecurity,Cybersecurity From Zero: How Hackers Think and How to Stop Them,Learn cybersecurity fundamentals by understanding how attacks work before learning how to defend,You will be able to explain the major cybercategories of cyber threat and the defensive controls that counter each one,"CIA triad, threat actors, attack vectors, defence in depth, security mindset",Analyse 5 real Nigerian cyberattack case studies and map the attack to the defence that would have prevented it,3 hours,Foundation
292,Cybersecurity,Ethical Hacking: Hacking Legally for a Living,Learn penetration testing the practice of finding security vulnerabilities before the bad guys do,You will be able to conduct a structured penetration test on a target system with permission and write a professional report,"Penetration testing methodology, scoping and rules of engagement, reconnaissance, exploitation, reporting",Conduct a full penetration test on a vulnerable VM (HackTheBox or TryHackMe) and write a report,8 hours,Intermediate
293,Cybersecurity,Kali Linux: The Hacker's Operating System,Learn Kali Linux the specialised operating system that contains every security testing tool a professional needs,You will be able to install configure and use Kali Linux as a professional security testing platform,"Installing Kali, navigating the tool library, updating and maintaining, virtualisation, essential tools",Set up a complete Kali Linux environment and use 10 different security tools for basic tests,4 hours,Beginner
294,Cybersecurity,Network Scanning and Reconnaissance: Finding What's Out There,Learn how attackers and defenders scan networks to discover devices open ports and running services,You will be able to use Nmap and Wireshark to fully map any network and identify potential vulnerabilities,"Nmap scan types, port scanning, service detection, OS fingerprinting, Wireshark packet capture",Scan a permission lab network completely and document every device service and potential vulnerability,4 hours,Beginner
295,Cybersecurity,Web Application Hacking: Attacking Websites Professionally,Learn how to find and exploit the most common web application vulnerabilities on authorised targets,You will be able to test any web application for OWASP Top 10 vulnerabilities and document findings professionally,"SQL injection, XSS, CSRF, IDOR, file upload vulnerabilities, Burp Suite, OWASP Top 10",Complete 5 web application challenges on HackTheBox and write a professional finding for each,6 hours,Intermediate
296,Cybersecurity,Password Security: Cracking and Protecting Credentials,Learn how passwords are stored how they are cracked and how to build systems that are resistant to attack,You will be able to demonstrate password cracking techniques on authorised hashes and implement proper password security,"Password hashing bcrypt and Argon2, hash cracking with Hashcat, rainbow tables, dictionary attacks",Crack a set of practice password hashes using Hashcat and then implement bcrypt correctly in code,4 hours,Intermediate
297,Cybersecurity,Social Engineering: The Human Element of Security,Learn how attackers manipulate people rather than systems and how to train employees to resist,You will be able to explain and simulate social engineering attacks and design a staff security awareness programme,"Phishing, vishing, pretexting, baiting, security awareness training design, anti-phishing measures",Design a security awareness campaign for a 50-person Nigerian company including simulated phishing,4 hours,Foundation
298,Cybersecurity,Network Security: Firewalls VPNs and Intrusion Detection,Learn how to design and implement network security controls that protect organisational infrastructure,You will be able to configure a firewall set up a VPN and deploy an intrusion detection system on a network,"Firewall rules and zones, pfSense, OpenVPN, Snort IDS, network segmentation",Configure a pfSense firewall with zones rules and an IDS for a small office network,6 hours,Intermediate
299,Cybersecurity,Linux Security Hardening: Locking Down Servers,Learn how to harden a Linux server so it resists attacks even when exposed to the internet,You will be able to take a fresh Ubuntu server and apply 20 security hardening measures systematically,"SSH hardening, firewall with UFW, fail2ban, user accounts, unused services removal, audit logging",Harden a fresh Ubuntu 24 server and verify each control with a security checklist,4 hours,Intermediate
300,Cybersecurity,Malware Analysis: Understanding What Bad Code Does,Learn how to safely analyse malware samples to understand their behaviour and purpose,You will be able to set up a malware analysis sandbox and perform basic static and dynamic analysis on samples,"Analysis environment setup, static analysis strings and PE headers, dynamic analysis with sandboxes, indicators of compromise",Analyse 3 malware samples and produce an indicator of compromise report for each,6 hours,Advanced
301,Cybersecurity,Digital Forensics: Investigating Cybercrimes,Learn how to conduct digital forensic investigations that produce court-admissible evidence,You will be able to acquire a forensic image of a device analyse it for evidence and document findings properly,"Chain of custody, forensic imaging with dd and FTK Imager, file system analysis, artefact recovery, reporting",Investigate a practice forensic challenge and produce a complete forensic report,7 hours,Advanced
302,Cybersecurity,Cryptography: The Mathematics of Security,Learn how cryptography protects data and how to apply it correctly in applications,You will be able to implement symmetric and asymmetric encryption hashing and digital signatures correctly in code,"Symmetric AES, asymmetric RSA, hashing SHA-256, digital signatures, TLS, PKI, common crypto mistakes",Implement a complete secure message exchange system using correct cryptography in Python,6 hours,Intermediate
303,Cybersecurity,Bug Bounty Hunting: Getting Paid to Find Vulnerabilities,Learn how to find security vulnerabilities in real companies and get paid through bug bounty programmes,You will be able to find and report a valid security vulnerability on a bug bounty programme within 30 days,"HackerOne and Bugcrowd, scope understanding, vulnerability classes, writing quality reports, triage process",Complete your first bug bounty submission on a public programme,6 hours,Intermediate
304,Cybersecurity,Cloud Security: Protecting AWS and Azure Infrastructure,Learn how to secure cloud infrastructure and identify the most common cloud misconfiguration vulnerabilities,You will be able to audit an AWS account for security issues and implement CIS benchmark controls,"IAM least privilege, S3 bucket security, security groups, CloudTrail, AWS security hub",Audit a practice AWS account against the CIS benchmark and remediate all critical findings,5 hours,Advanced
305,Cybersecurity,Security Operations Centre: Monitoring for Threats,Learn how a Security Operations Centre works and how to use SIEM tools to detect threats,You will be able to set up a basic SOC with log collection alerting and incident response workflow,"SIEM concepts, log sources, Splunk or ELK Stack, alert rules, incident response workflow",Set up a practice SOC environment that detects and alerts on common attack patterns,7 hours,Advanced
306,Cybersecurity,Mobile Security: Protecting Android and iOS Apps,Learn how mobile applications are attacked and how to build and test apps that resist common attacks,You will be able to perform a basic mobile application security assessment on an Android APK,"APK analysis with MobSF, traffic interception with Burp Suite, insecure storage, certificate pinning",Perform a security assessment on a deliberately vulnerable Android app and write findings,5 hours,Advanced
307,Cybersecurity,API Security: The Attack Surface Nobody Talks About,Learn how APIs are attacked and how to design and test APIs that are secure by design,You will be able to test any API for OWASP API Security Top 10 vulnerabilities and implement fixes,"OWASP API Top 10, authentication bypass, mass assignment, rate limiting, Postman for security testing",Test a practice vulnerable API for all OWASP API Top 10 vulnerabilities and document remediation,5 hours,Advanced
308,Cybersecurity,Secure Code Review: Reading Code for Vulnerabilities,Learn how to review any codebase systematically to find security vulnerabilities before deployment,You will be able to conduct a structured secure code review of PHP JavaScript or Python code and write findings,"Taint analysis, dangerous functions, input validation gaps, authentication flaws, common misconfigurations",Review a deliberately vulnerable web application codebase and produce a security finding report,5 hours,Advanced
309,Cybersecurity,Incident Response: Handling Cyber Attacks When They Happen,Learn how to respond to a cyberattack in an organised way that contains damage and restores operations,You will be able to lead an incident response from detection through containment eradication and recovery,"IR lifecycle, containment strategies, evidence preservation, eradication, lessons learned, CIRT team setup",Simulate and respond to a ransomware incident scenario with complete documentation,5 hours,Advanced
310,Cybersecurity,Cybersecurity Career Paths: From Student to Professional,Learn the different cybersecurity career paths certifications and how to break into the field from Nigeria,You will be able to identify your preferred cybersecurity career path and create a concrete 12-month development plan,"Career paths in cybersecurity, CompTIA Security+ and CEH relevance, Nigerian job market, certifications",Build a 12-month cybersecurity career development plan and apply to 3 entry-level opportunities,3 hours,Foundation
311,Cybersecurity,Threat Modelling: Security Before You Build,Learn threat modelling to identify and mitigate security risks before writing a single line of code,You will be able to produce a STRIDE threat model for any system and prioritise security controls accordingly,"STRIDE methodology, data flow diagrams, threat identification, risk ranking, control selection, documentation",Produce a complete threat model for a fictional Nigerian payment application,4 hours,Intermediate
312,Cybersecurity,Phishing Attack Simulation and Awareness Training,Learn how to build and run a phishing simulation programme to measure and improve staff security awareness,You will be able to run a complete phishing simulation campaign and design a training programme based on results,"GoPhish setup, campaign design, metrics, training content, before and after measurement",Run a simulated phishing campaign against a 20-person group and deliver training to those who clicked,5 hours,Intermediate
313,Cybersecurity,Vulnerability Management: Finding and Fixing Issues at Scale,Learn how to build a vulnerability management programme that systematically finds and remediates security issues,You will be able to run vulnerability scans prioritise findings and track remediation to closure,"Vulnerability scanning with OpenVAS, CVSS scoring, remediation priority, tracking and reporting, SLA setting",Set up and run a complete vulnerability management cycle for a practice environment,5 hours,Intermediate
314,Cybersecurity,Blockchain Security: Smart Contract Vulnerabilities,Learn the unique security vulnerabilities in blockchain applications and smart contracts,You will be able to identify and exploit common Solidity smart contract vulnerabilities in a practice environment,"Smart contract audit methodology, reentrancy, integer overflow, access control flaws, Slither analysis tool",Audit a vulnerable smart contract and identify all exploitable vulnerabilities with remediation,5 hours,Advanced
315,Cybersecurity,Securing Nigerian Financial Applications,Learn the security requirements and attack patterns specific to Nigerian banking and fintech applications,You will be able to design a security architecture for a Nigerian payment application that satisfies CBN requirements,"CBN cybersecurity guidelines, PCI DSS basics, OTP security, session management, fraud detection",Perform a security review of a practice fintech application against CBN cybersecurity guidelines,5 hours,Advanced
316,Cybersecurity,Wireless Security: Attacking and Defending WiFi Networks,Learn how WiFi networks are attacked and how to configure networks that resist common attacks,You will be able to test a WiFi network for security weaknesses and implement WPA3 and proper network segmentation,"WEP WPA WPA2 WPA3, handshake capture, Aircrack-ng, evil twin attacks, enterprise WiFi security",Test a practice WiFi network for vulnerabilities and implement a hardened configuration,4 hours,Intermediate
317,Cybersecurity,OSINT: Finding Information Like Intelligence Agencies Do,Learn Open Source Intelligence the art of finding information about people and companies using public sources,You will be able to conduct a complete OSINT investigation on a target using only publicly available information,"Google dorking, Maltego, Shodan, social media OSINT, email and domain enumeration, OSINT framework",Conduct an authorised OSINT investigation on your own digital footprint and produce a findings report,4 hours,Intermediate
318,Cybersecurity,Cybercrime Law in Nigeria: The Cybercrimes Act Explained,Learn the Nigerian Cybercrimes Prohibition and Prevention Act 2015 and its implications for security professionals,You will be able to explain what is and is not legal in Nigerian cybersecurity work and advise on digital evidence handling,"Nigerian Cybercrimes Act key offences, penalties, digital evidence admissibility, EFCC cybercrime section",Analyse 5 Nigerian cybercrime cases and identify the specific sections of the law that apply to each,3 hours,Foundation
319,Cybersecurity,Red Team vs Blue Team: The Two Sides of Security,Learn how red team attackers and blue team defenders work together to improve organisational security,You will be able to describe the methodologies tools and mindsets of both red and blue team security operations,"Red team operations, blue team defences, purple teaming, attack simulation, detection engineering",Design a full red team vs blue team exercise scenario for a fictional Nigerian company,4 hours,Foundation
320,Cybersecurity,Building a Home Lab for Security Practice,Learn how to set up a home cybersecurity lab with multiple virtual machines for learning and practice,You will be able to set up a complete security lab with attack and target machines on your own computer,"Virtualisation with VirtualBox, lab topologies, vulnerable VMs, Kali and Metasploitable, network isolation",Set up a complete home security lab with at least 3 virtual machines in an isolated network,3 hours,Beginner
321,Cybersecurity,CTF Competitions: Hacking Practice That Builds Skills Fast,Learn how to approach Capture the Flag competitions the fastest way to build practical security skills,You will be able to solve beginner-level CTF challenges in web crypto forensics and binary categories,"CTF categories and approach, web challenges, cryptography puzzles, forensics tools, binary basics",Complete 10 beginner CTF challenges on PicoCTF or HackTheBox and document your methodology for each,5 hours,Beginner
322,Cybersecurity,Email Security: Protecting Against Phishing and Spoofing,Learn how to implement email security controls that protect organisations from phishing and spoofing,You will be able to configure SPF DKIM DMARC and deploy an email security gateway for any organisation,"SPF DKIM DMARC configuration, email headers analysis, email gateway setup, URL filtering, training",Configure complete email authentication for a domain and test using MXToolbox,3 hours,Intermediate
323,Cybersecurity,Secure DevOps: Building Security Into the Development Pipeline,Learn how to embed security into CI/CD pipelines so that security checks are automatic and continuous,You will be able to add SAST DAST and container scanning to any CI/CD pipeline,"SAST with Semgrep, DAST with OWASP ZAP, container scanning with Trivy, secret scanning, GitHub Actions security",Add a complete security pipeline to an existing CI/CD workflow that blocks deployments on critical findings,5 hours,Advanced
324,Cybersecurity,Ransomware Defence: Protecting Against the Biggest Threat,Learn how ransomware attacks work and how to build defences that prevent and recover from them,You will be able to implement the technical and procedural controls that stop ransomware attacks,"How ransomware enters and spreads, backup strategy, endpoint protection, network segmentation, recovery plan",Build a complete ransomware defence plan for a 20-person Nigerian company,4 hours,Intermediate
325,Cybersecurity,Zero Trust Security: Modern Security Architecture,Learn Zero Trust the security model that assumes no network or user is trusted by default,You will be able to design a Zero Trust security architecture for a small organisation and identify the key controls,"Zero Trust principles, identity verification, least privilege access, microsegmentation, continuous verification",Design a Zero Trust architecture for a fictional fintech company's internal systems,4 hours,Advanced
326,Cybersecurity,Cybersecurity for Small Nigerian Businesses,Learn practical affordable cybersecurity measures that any Nigerian SME can implement immediately,You will be able to significantly improve the cybersecurity posture of any small business with free or low-cost tools,"Password managers, 2FA, device encryption, safe browsing, backup systems, incident response for SMEs",Implement a complete basic cybersecurity programme for a real or practice small business,3 hours,Foundation
327,Cybersecurity,SCADA and Critical Infrastructure Security,Learn how industrial control systems and critical infrastructure are targeted and how to defend them,You will be able to explain the unique security challenges of SCADA and ICS environments and design appropriate controls,"SCADA and ICS architecture, OT vs IT security, air-gapping, known vulnerabilities, monitoring",Analyse a real SCADA attack case study and design the security improvements that would have prevented it,4 hours,Advanced
328,Cybersecurity,Security Compliance: NDPC ISO 27001 and PCI DSS,Learn how to achieve compliance with major security standards applicable to Nigerian businesses,You will be able to conduct a gap assessment against NDPC 2023 and ISO 27001 and create a remediation roadmap,"NDPC 2023 requirements, ISO 27001 controls, PCI DSS basics, gap assessment methodology, remediation planning",Conduct an NDPC 2023 gap assessment for a fictional data-processing company,5 hours,Intermediate
329,Cybersecurity,Reverse Engineering: Understanding Compiled Programs,Learn how to take a compiled program apart and understand what it does without source code,You will be able to perform basic static and dynamic analysis on compiled binaries using industry tools,"Binary analysis, strings and objdump, Ghidra for disassembly, x86 assembly basics, practice challenges",Reverse engineer 3 practice binaries and document what each program does from analysis only,6 hours,Advanced
330,Cybersecurity,Privacy Engineering: Building Products That Protect User Data,Learn how to build digital products that collect only what they need and protect it properly,You will be able to apply privacy by design principles to any software product and produce a DPIA,"Privacy by design, data minimisation, consent management, DPIA process, anonymisation vs pseudonymisation",Produce a complete DPIA for a fictional Nigerian health app,4 hours,Intermediate
331,Cybersecurity,Supply Chain Security: Trusting Your Dependencies,Learn how attackers compromise software through third-party dependencies and how to detect and prevent it,You will be able to audit a project's dependencies for known vulnerabilities and implement dependency security controls,"Dependency vulnerabilities, SBOM, npm audit and pip audit, typosquatting, Snyk",Audit a real open-source project's dependencies and fix all critical vulnerabilities found,3 hours,Intermediate
332,Cybersecurity,Certificate Management: PKI and TLS in Practice,Learn how SSL/TLS certificates work how to manage them and how to avoid costly expiry and misconfiguration,You will be able to issue manage renew and monitor TLS certificates for any organisation,"PKI concepts, Let's Encrypt, certificate stores, OCSP, certificate transparency, monitoring expiry",Set up automated certificate issuance and renewal for 3 web applications using Let's Encrypt,3 hours,Intermediate
333,Cybersecurity,Container Security: Hardening Docker and Kubernetes,Learn how container environments are attacked and how to build secure container infrastructure,You will be able to implement Docker and Kubernetes security best practices and scan containers for vulnerabilities,"Docker security, non-root containers, image scanning, Kubernetes RBAC, network policies, secrets management",Harden a Docker Compose application and Kubernetes cluster against the CIS Docker Benchmark,5 hours,Advanced
334,Cybersecurity,Threat Intelligence: Understanding the Enemy,Learn how threat intelligence is gathered analysed and operationalised to improve security decisions,You will be able to consume threat intelligence feeds produce IOC reports and apply intelligence to defensive controls,"Threat intelligence lifecycle, IOC types, MISP platform, STIX/TAXII, integrating intelligence into defences",Set up a threat intelligence platform and integrate 3 public threat feeds into a security operation,5 hours,Advanced
335,Cybersecurity,Identity and Access Management: The Foundation of Security,Learn how identity and access management systems protect organisations by controlling who can do what,You will be able to design and implement an IAM system with least privilege RBAC and SSO for a small organisation,"IAM concepts, RBAC vs ABAC, MFA implementation, SSO with SAML, privileged access management, access reviews",Design a complete IAM architecture for a 50-person company including all systems and access policies,4 hours,Intermediate
336,Data and Databases,Data Literacy: Understanding Data in a World Full of It,Learn how to read understand and critically evaluate data and statistics in everyday life and work,You will be able to read any chart identify misleading statistics and ask the right questions about data claims,"Charts and graphs, statistical literacy, correlation vs causation, sampling bias, misleading visualisations",Analyse 5 real data claims from Nigerian news sources and evaluate the quality of the evidence,2 hours,Foundation
337,Data and Databases,Excel Mastery: The Spreadsheet Every Professional Needs,Learn Microsoft Excel beyond basic data entry to the level employers actually want,You will be able to use VLOOKUP pivot tables charts conditional formatting and basic macros to analyse any dataset,"VLOOKUP and INDEX-MATCH, pivot tables, charts, conditional formatting, data validation, basic macros",Analyse a real Nigerian business dataset using 10 Excel features to produce a management report,6 hours,Beginner
338,Data and Databases,Google Sheets for Collaboration and Analysis,Learn Google Sheets for real-time collaboration data analysis and automation with Apps Script,You will be able to use advanced Google Sheets features and write Apps Script to automate data tasks,"IMPORTRANGE, QUERY function, conditional formatting, collaboration features, Apps Script basics",Build a collaborative data collection and reporting system using Google Sheets and Apps Script,4 hours,Beginner
339,Data and Databases,Database Administration: Managing MySQL in Production,Learn how to administer a MySQL database in production including backups performance and security,You will be able to manage a production MySQL database with proper backup user management and performance monitoring,"User creation and privileges, mysqldump backup, point-in-time recovery, slow query log, EXPLAIN optimisation",Set up a production-ready MySQL server with automated backups and performance monitoring,5 hours,Intermediate
340,Data and Databases,PostgreSQL: The Advanced Open Source Database,Learn PostgreSQL the most advanced open-source relational database with features MySQL lacks,You will be able to use PostgreSQL-specific features like JSONB window functions and full-text search effectively,"PostgreSQL vs MySQL, JSONB column type, window functions, full-text search, pg_indexes, partitioning",Build a data warehouse schema in PostgreSQL and query it using window functions and CTEs,6 hours,Intermediate
341,Data and Databases,Redis: The Swiss Army Knife Database,Learn Redis the in-memory data store used for caching sessions queues and real-time features,You will be able to use Redis for caching session storage rate limiting leaderboards and pub/sub messaging,"Redis data types, GET SET EXPIRE, hashes and lists, pub/sub, Redis as cache, persistence options","Implement 5 different Redis use cases in a web application: cache, session, rate limit, queue, leaderboard",4 hours,Intermediate
342,Data and Databases,Database Performance Tuning: Making Queries Fast,Learn how to diagnose and fix slow database queries in any SQL database,You will be able to use EXPLAIN to identify query bottlenecks and apply indexes and query rewrites to fix them,"EXPLAIN and EXPLAIN ANALYSE, index types, covering indexes, query rewriting, joins vs subqueries, partitioning",Optimise a set of 10 slow queries on a 1-million-row database to run in under 100ms each,5 hours,Intermediate
343,Data and Databases,Data Warehousing: Building Analytics at Scale,Learn how to build a data warehouse that enables fast analytical queries across huge datasets,You will be able to design and build a simple star schema data warehouse and run analytical queries on it,"OLAP vs OLTP, star and snowflake schema, fact and dimension tables, ETL pipeline, partitioning",Build a data warehouse for an e-commerce business with sales customer and product dimensions,6 hours,Advanced
344,Data and Databases,ETL Pipelines: Moving and Transforming Data,Learn how to build Extract Transform Load pipelines that move data between systems reliably,You will be able to build a complete ETL pipeline that extracts from a source transforms the data and loads it to a destination,"ETL concepts, data extraction strategies, transformation logic, loading patterns, scheduling with Airflow",Build an ETL pipeline that extracts daily sales data transforms it and loads it into a data warehouse,5 hours,Intermediate
345,Data and Databases,SQL Advanced: Window Functions CTEs and Analytical Queries,Learn the advanced SQL features that separate junior from senior data professionals,You will be able to write complex analytical queries using window functions CTEs and subquery patterns,"Window functions ROW_NUMBER RANK LAG LEAD, CTEs recursive queries, CASE in queries, advanced joins",Write 10 complex analytical SQL queries against a real dataset covering all advanced features,5 hours,Intermediate
346,Data and Databases,NoSQL Databases: When Not to Use SQL,Learn the different types of NoSQL databases and the specific problems each one solves best,You will be able to choose between document key-value column-family and graph databases for any use case,"Document stores MongoDB, key-value Redis, column stores Cassandra, graph Neo4j, when to use each",Design data models for 5 different application types using the most appropriate database for each,3 hours,Intermediate
347,Data and Databases,Data Engineering: Building Pipelines That Feed AI,Learn data engineering the practice of building robust data infrastructure that data scientists and AI depend on,You will be able to build a data pipeline from raw sources through transformation to a clean analytical store,"Data pipeline architecture, streaming vs batch, Apache Kafka basics, dbt for transformation, data quality",Build a data pipeline that ingests event data applies transformations and feeds a analytics database,7 hours,Advanced
348,Data and Databases,Big Data Concepts: Handling Data at Scale,Understand the tools and techniques used when data is too large for a single database,You will be able to explain the big data landscape choose appropriate tools for different scale problems and explain Hadoop and Spark,"What big data is, Hadoop ecosystem, Apache Spark, MapReduce, distributed storage, use cases in Nigeria",Analyse a large dataset using PySpark and compare performance to equivalent Pandas processing,4 hours,Advanced
349,Data and Databases,Data Governance: Managing Data as an Asset,Learn how organisations manage their data assets including quality lineage and access control,You will be able to design and implement a basic data governance framework for a small organisation,"Data governance concepts, data dictionary, data lineage, data quality dimensions, access governance",Design a data governance framework for a fictional 100-person company,4 hours,Advanced
350,Data and Databases,SQLite: The Database That Lives Everywhere,Learn SQLite the embedded database used in mobile apps IoT devices and lightweight applications,You will be able to build applications using SQLite for local data storage with proper performance and reliability,"SQLite vs server databases, WAL mode, concurrent reads, backup strategies, SQLite in Python and Android",Build a complete offline-capable mobile app backend using SQLite with proper concurrency,3 hours,Beginner
351,Data and Databases,Data Cleaning: Turning Messy Data Into Useful Data,Learn how to identify and fix data quality issues that make analysis and AI models unreliable,You will be able to clean any messy dataset by handling missing values outliers duplicates and formatting issues,"Missing data strategies, outlier detection, deduplication, standardising formats, validation rules",Clean a real messy Nigerian dataset with 20 different quality issues and document every fix,4 hours,Beginner
352,Data and Databases,Real-Time Data with Apache Kafka,Learn Apache Kafka the distributed streaming platform that powers real-time data systems at scale,You will be able to set up Kafka produce and consume messages and build a simple streaming pipeline,"Kafka concepts, topics partitions and offsets, producers and consumers, consumer groups, Kafka Connect",Build a real-time event streaming pipeline for a payment system using Kafka,5 hours,Advanced
353,Data and Databases,Power BI for Business Intelligence,Learn Microsoft Power BI to build professional dashboards that business executives actually read,You will be able to connect Power BI to multiple data sources build calculated measures and publish interactive dashboards,"Data connections, Power Query, DAX basics, visualisation types, report vs dashboard, publishing",Build a complete executive dashboard for a Nigerian business with 10 KPI visualisations,5 hours,Beginner
354,Data and Databases,Data Migration: Moving Data Between Systems,Learn how to plan and execute database migrations without data loss or extended downtime,You will be able to migrate a production database from one system to another with a tested rollback plan,"Migration planning, data mapping, ETL for migration, testing strategy, cutover plan, rollback",Migrate a full MySQL database to PostgreSQL with data validation and zero data loss,4 hours,Advanced
355,Data and Databases,Elasticsearch: Search and Analytics at Scale,Learn Elasticsearch the distributed search engine that powers real-time search analytics and logging,You will be able to index documents in Elasticsearch write search queries and build a simple analytics dashboard,"Elasticsearch concepts, indexing, query DSL, aggregations, Kibana for visualisation, use cases",Build a full-text search engine for a product catalogue using Elasticsearch and Kibana,5 hours,Advanced
356,Data and Databases,Data API Design: Serving Data to Applications,Learn how to design APIs that serve data efficiently and flexibly to consuming applications,You will be able to design and build a data API with filtering sorting pagination and efficient database queries,"RESTful data APIs, filtering parameters, pagination with cursor and offset, field selection, caching strategies",Build a data API for a large dataset with full filtering sorting and pagination support,4 hours,Intermediate
357,Data and Databases,MySQL Replication and High Availability,Learn how to set up MySQL replication for high availability and read scaling,You will be able to configure master-slave MySQL replication and implement automatic failover,"Replication architecture, binary log, master and replica setup, GTID replication, ProxySQL for routing",Configure MySQL master-slave replication and test failover to the replica,4 hours,Advanced
358,Data and Databases,Geospatial Data: Working With Maps and Location,Learn how to store query and visualise geographic data in applications,You will be able to build location-based features including proximity search geofencing and mapping,"PostGIS extension, geospatial indexing, proximity queries, GeoJSON, Leaflet.js mapping",Build a store locator feature that finds the 5 nearest locations to a user from 1000 entries,4 hours,Intermediate
359,Data and Databases,Data Privacy and Encryption in Databases,Learn how to implement data protection in databases including encryption at rest and field-level encryption,You will be able to encrypt sensitive fields implement column masking and design a database privacy architecture,"Transparent data encryption, column-level encryption, field masking, pseudonymisation, key management",Implement field-level encryption for sensitive columns in a Nigerian healthcare database,4 hours,Advanced
360,Data and Databases,Building a Data Science Portfolio,Learn how to build a compelling data science portfolio with real projects that impresses Nigerian and international employers,You will have 5 complete data science projects on GitHub with notebooks documentation and insights,"Project selection, GitHub notebooks, storytelling with data, README writing, deploying as apps",Complete and publish 5 data science projects to a professional GitHub portfolio,8 hours,Beginner
361,Data and Databases,dbt: Transforming Data Like a Professional,Learn dbt the data build tool that software-engineers data transformation pipelines,You will be able to write dbt models tests and documentation for any data warehouse transformation,"dbt concepts, models and materialisations, sources and seeds, tests, documentation, lineage graph",Build a complete dbt project that transforms raw e-commerce data into analytical tables,5 hours,Advanced
362,Data and Databases,Metabase: Business Intelligence for Non-Developers,Learn Metabase the open-source BI tool that lets anyone query a database without knowing SQL,You will be able to deploy Metabase connect it to a production database and build dashboards for non-technical stakeholders,"Metabase installation, data connections, question builder, SQL mode, dashboards, alerts, embedding",Deploy Metabase for a real business and build 5 dashboards for different departments,4 hours,Beginner
363,Data and Databases,Time Series Databases: Storing and Querying IoT and Event Data,Learn InfluxDB and TimescaleDB the purpose-built databases for time series data from IoT and logs,You will be able to store query and visualise time series data at scale using a purpose-built time series database,"Time series data model, InfluxDB line protocol, Flux query language, continuous queries, Grafana",Build an IoT data storage and visualisation system using InfluxDB and Grafana,4 hours,Intermediate
364,Data and Databases,SQL for Data Analysis: Writing Queries That Answer Business Questions,Learn how to use SQL specifically for business analysis answering the questions that matter to management,You will be able to write SQL queries that answer any standard business intelligence question,"Analytical patterns, cohort analysis, funnel analysis, retention calculation, growth metrics in SQL",Answer 20 business questions about a sample e-commerce dataset using only SQL,5 hours,Intermediate
365,Data and Databases,Database Backup and Disaster Recovery,Learn how to design and test backup systems that guarantee data recovery when the worst happens,You will be able to implement a complete backup and disaster recovery plan for any database environment,"Backup types full differential incremental, RTO and RPO, testing backups, off-site storage, automated scheduling",Build and test a complete backup and recovery system for a production MySQL database,3 hours,Intermediate
366,Data and Databases,Working With JSON in SQL Databases,Learn how to store query and manipulate JSON data inside relational databases,You will be able to use JSON columns in MySQL and PostgreSQL to handle semi-structured data efficiently,"JSON column types, JSON path queries, indexing JSON, JSONB in PostgreSQL, when to use JSON in SQL",Build a product catalogue with variable attributes stored as JSON and query it efficiently,3 hours,Intermediate
367,Data and Databases,Data Modelling for African Contexts,Learn how to model data for systems serving African users including multilingual content and informal economy patterns,You will be able to design database schemas that accommodate the unique patterns of African markets and languages,"Multilingual content storage, informal address formats, alternative ID systems, mobile money data patterns",Design a complete data model for a Nigerian informal market management system,3 hours,Intermediate
368,Data and Databases,Event Sourcing and CQRS: Advanced Data Architecture,Learn Event Sourcing and CQRS the architectural patterns behind scalable distributed data systems,You will be able to implement event sourcing for a domain model and separate read and write paths with CQRS,"Event sourcing concept, event store, replaying events, CQRS read and write models, eventual consistency",Implement event sourcing for a simple bank account domain with full audit history,6 hours,Advanced
369,Data and Databases,Building a Reporting Engine,Learn how to build a flexible reporting system that generates different reports for different users on demand,You will be able to build a report generation engine that creates PDF Excel and visual reports from templates,"Report engine architecture, template system, dynamic queries, PDF generation, scheduling reports",Build a reporting engine for a school that generates result slips transcripts and performance reports,6 hours,Intermediate
370,Data and Databases,Database Observability: Knowing What Your Database Is Doing,Learn how to monitor a database so you know about problems before your users do,You will be able to set up comprehensive database monitoring with alerting for all critical metrics,"Key database metrics, slow query monitoring, connection pool health, disk and memory monitoring, alerting",Set up complete monitoring and alerting for a production MySQL database using Grafana and alerts,3 hours,Intermediate
371,Cloud and DevOps,Cloud Computing Explained: What It Is and Why It Matters,Understand cloud computing from first principles and why every business and developer needs to understand it,You will be able to explain the three cloud models IaaS PaaS and SaaS choose a deployment model and calculate rough cloud costs,"What cloud computing is, IaaS PaaS SaaS, public private hybrid cloud, major providers, cloud economics",Compare 3 Nigerian hosting options against AWS and recommend the best choice for 3 different scenarios,2 hours,Foundation
372,Cloud and DevOps,AWS Foundations: Getting Started With Amazon Web Services,Learn the core AWS services that power most cloud applications worldwide,You will be able to navigate the AWS console deploy a web application use S3 and set up basic security controls,"AWS console, IAM basics, EC2 instances, S3 storage, RDS database, security groups, billing alerts",Deploy a complete web application on AWS using EC2 RDS and S3 with proper security groups,5 hours,Beginner
373,Cloud and DevOps,CI/CD Pipelines: Automating Software Delivery,Learn Continuous Integration and Deployment so your code automatically tests and deploys on every change,You will be able to build a complete CI/CD pipeline that runs tests and deploys to a server automatically on every commit,"CI/CD concepts, GitHub Actions, automated testing, deployment strategies, rollback, pipeline stages",Build a complete CI/CD pipeline for a web application that deploys automatically on every git push,5 hours,Intermediate
374,Cloud and DevOps,Nginx: The Web Server That Powers Half the Internet,Learn Nginx for web serving reverse proxy load balancing and SSL termination,You will be able to configure Nginx to serve multiple websites as a reverse proxy with SSL and load balancing,"Nginx server blocks, reverse proxy, SSL configuration, load balancing, rate limiting, caching",Configure Nginx to serve 3 different applications with SSL load balancing and rate limiting,4 hours,Intermediate
375,Cloud and DevOps,Infrastructure as Code With Terraform,Learn Terraform to define and manage cloud infrastructure using code rather than clicking UIs,You will be able to write Terraform code that creates manages and destroys any cloud infrastructure reproducibly,"Terraform concepts, providers and resources, variables and outputs, state file, plan and apply, modules",Write Terraform code that creates a complete AWS infrastructure including VPC EC2 RDS and S3,6 hours,Advanced
376,Cloud and DevOps,Kubernetes: Running Apps at Scale,Learn Kubernetes the container orchestration platform that runs applications reliably at any scale,You will be able to deploy scale and manage containerised applications on a Kubernetes cluster,"Pods and deployments, services and ingress, ConfigMaps and Secrets, scaling, rolling updates, namespaces",Deploy a multi-container application on Kubernetes with auto-scaling and rolling deployment,8 hours,Advanced
377,Cloud and DevOps,Monitoring and Alerting: Knowing When Things Break,Learn how to set up comprehensive application and infrastructure monitoring with smart alerting,You will be able to instrument any application with metrics build Grafana dashboards and configure meaningful alerts,"Prometheus for metrics, Grafana dashboards, alerting rules, application instrumentation, SLOs and SLAs",Set up complete monitoring for a production web application with CPU memory request rate and error rate,5 hours,Intermediate
378,Cloud and DevOps,Log Management: Finding Problems in Your Logs,Learn how to collect aggregate search and alert on logs from any application or infrastructure,You will be able to set up centralised logging that makes it possible to find any problem in seconds,"Log levels and structured logging, ELK Stack setup, log parsing, alerting on log patterns, retention policies",Set up the ELK Stack for a web application and create dashboards for errors and performance,5 hours,Intermediate
379,Cloud and DevOps,GitHub Actions: Automating Everything With Workflows,Learn GitHub Actions to automate testing deployment security checks and any other workflow,You will be able to write GitHub Actions workflows that automate any repetitive development task,"Workflow syntax, triggers, jobs and steps, secrets, marketplace actions, matrix builds, deployment jobs",Create 5 GitHub Actions workflows covering testing security scanning and deployment,4 hours,Intermediate
380,Cloud and DevOps,Building a VPS Server From Scratch,Learn how to set up a secure production-ready VPS on DigitalOcean Vultr or Linode,You will be able to take a fresh VPS from initial login to hosting a live web application securely,"SSH key setup, user and firewall configuration, Nginx and LAMP setup, SSL certificate, monitoring",Deploy a full web application on a $5/month VPS with SSL security hardening and monitoring,4 hours,Beginner
381,Cloud and DevOps,Serverless Architecture: Beyond Servers,Learn serverless computing to build highly scalable applications without server management,You will be able to design and deploy a serverless application using functions queues and managed databases,"Lambda functions, event-driven architecture, DynamoDB, API Gateway, cost model, cold starts",Build a complete serverless API with authentication using AWS Lambda API Gateway and DynamoDB,6 hours,Advanced
382,Cloud and DevOps,Database Replication and Failover in the Cloud,Learn how to build highly available database systems that survive failures without data loss,You will be able to configure database replication with automatic failover on any cloud platform,"RDS Multi-AZ, read replicas, replication lag, automatic failover, connection string management",Configure AWS RDS with Multi-AZ and read replicas and test automatic failover,4 hours,Advanced
383,Cloud and DevOps,Content Delivery Networks: Making Sites Fast Globally,Learn how CDNs work and how to configure them to deliver your website content at maximum speed,You will be able to configure Cloudflare or AWS CloudFront to cache and accelerate any website globally,"CDN concept, edge locations, cache rules, HTTPS and CDN, cache invalidation, performance measurement",Configure Cloudflare for a website and improve its load time by at least 50% globally,3 hours,Intermediate
384,Cloud and DevOps,Auto-Scaling: Handling Traffic Spikes Automatically,Learn how to configure infrastructure that automatically scales up for traffic spikes and down to save cost,You will be able to configure auto-scaling groups load balancers and scaling policies on AWS,"Auto-scaling concepts, launch configurations, scaling policies, load balancer health checks, cost implications",Configure an AWS auto-scaling group that handles a 10x traffic spike and scales back down,4 hours,Advanced
385,Cloud and DevOps,DevOps Culture: Building Teams That Ship Faster,Understand the DevOps philosophy and how to build a culture that bridges development and operations,You will be able to explain DevOps principles identify inefficiencies in a software delivery process and suggest improvements,"DevOps history and principles, DORA metrics, measuring deployment frequency, change failure rate, MTTR",Analyse a fictional software team's process and design a DevOps improvement roadmap,3 hours,Foundation
386,Cloud and DevOps,Secret Management: Keeping API Keys and Passwords Safe,Learn how to manage secrets and credentials in a way that prevents leaks and enables rotation,You will be able to use HashiCorp Vault or AWS Secrets Manager to store and access secrets securely in any application,"What secrets are, dangers of hardcoded secrets, environment variables, Vault basics, secret rotation",Migrate a codebase from hardcoded secrets to a proper secrets manager,3 hours,Intermediate
387,Cloud and DevOps,Cost Optimisation in the Cloud,Learn how to reduce cloud spend without sacrificing performance by identifying and eliminating waste,You will be able to audit any cloud account identify cost savings and implement rightsizing and reserved capacity,"AWS Cost Explorer, rightsizing, reserved instances, savings plans, idle resources, spot instances",Audit a practice AWS account and produce a cost optimisation plan projecting 30% savings,4 hours,Intermediate
388,Cloud and DevOps,Site Reliability Engineering Basics,Learn SRE the Google-originated practice of applying software engineering to operations problems,You will be able to define SLOs create error budgets and design reliability improvements using SRE methodology,"SRE vs DevOps, SLIs SLOs SLAs, error budget, toil elimination, postmortem culture, reliability work prioritisation",Define SLOs and error budgets for a fictional web service and design a reliability improvement,3 hours,Advanced
389,Cloud and DevOps,Disaster Recovery: Planning for the Worst,Learn how to design disaster recovery plans that minimise downtime and data loss when systems fail,You will be able to design a disaster recovery plan with defined RTO RPO and tested runbooks,"DR concepts, RTO and RPO, backup and restore, pilot light, warm standby, multi-region active-active",Design and document a complete disaster recovery plan for a Nigerian fintech application,4 hours,Advanced
390,Cloud and DevOps,GitHub for Teams: Collaboration at Scale,Learn how to use GitHub effectively in a development team with branching strategies code review and project management,You will be able to implement a complete GitHub-based team workflow with branch protection code review and CI integration,"Git branching strategies, pull requests and code review, protected branches, GitHub Projects, team permissions",Set up a complete team development workflow on GitHub for a 5-person development team,3 hours,Intermediate
391,Cloud and DevOps,Nginx and SSL: Securing Every Web Application,Learn how to configure SSL/TLS certificates on Nginx for complete HTTPS coverage on any server,You will be able to install and configure SSL certificates on any Nginx server including wildcard certificates,"Let's Encrypt and Certbot, Nginx SSL configuration, HTTP to HTTPS redirect, certificate renewal, HSTS",Configure SSL on a production Nginx server with auto-renewal and HSTS,2 hours,Beginner
392,Cloud and DevOps,Building a Deployment Pipeline for PHP Applications,Learn how to automate the deployment of PHP applications using CI/CD so every push to main deploys automatically,You will be able to build a complete deployment pipeline for any PHP application that deploys to cPanel or VPS,"PHP testing with PHPUnit, GitHub Actions for PHP, Envoyer or custom deployment scripts, cPanel deployment",Build an automated deployment pipeline for a PHP/Laravel application that deploys on git push,4 hours,Intermediate
393,Cloud and DevOps,Observability: Logs Metrics and Traces Together,Learn the three pillars of observability and how they together give complete insight into any system,You will be able to instrument any application with logs metrics and distributed traces and correlate them during incidents,"Logs metrics and traces, OpenTelemetry, Jaeger for tracing, Prometheus and Grafana, incident correlation",Instrument a microservices application with all three observability pillars and debug a simulated incident,5 hours,Advanced
394,Cloud and DevOps,Ansible: Automating Server Configuration,Learn Ansible to automate the configuration of many servers consistently from a single control machine,You will be able to write Ansible playbooks that configure any server completely automatically,"Ansible concepts, inventory, playbooks and tasks, variables, roles, idempotency",Write an Ansible playbook that configures 5 servers with a complete LAMP stack identically,4 hours,Advanced
395,Cloud and DevOps,Deploying Machine Learning Models: MLOps in Practice,Learn how to take a trained ML model and deploy it as a production service that handles real traffic,You will be able to deploy any ML model as a scalable API using Docker and a cloud platform,"Model serving with FastAPI, Docker for ML, model versioning, health checks, monitoring predictions",Deploy a trained ML model as a production REST API with monitoring and load testing,5 hours,Advanced
396,Cloud and DevOps,Load Testing: Knowing How Many Users Your App Can Handle,Learn how to load test any web application to find its breaking point and capacity limits,You will be able to run load tests that identify performance bottlenecks before real users encounter them,"Load testing concepts, k6 and Apache JMeter, test scenarios, throughput and latency, identifying bottlenecks",Load test a web application find its breaking point and recommend infrastructure scaling,3 hours,Intermediate
397,Cloud and DevOps,Service Mesh: Advanced Microservices Networking,Learn service mesh technology for managing communication security and observability between microservices,You will be able to deploy Istio and configure traffic management mutual TLS and observability for microservices,"What a service mesh does, Istio architecture, traffic policies, mTLS, observability, circuit breaking",Deploy Istio on a Kubernetes cluster and configure traffic splitting and mutual TLS between services,5 hours,Advanced
398,Cloud and DevOps,Database in the Cloud: RDS Aurora and Managed Databases,Learn how to use managed cloud databases to eliminate database administration overhead,You will be able to provision configure and optimise AWS RDS and Aurora for any production application,"RDS vs Aurora, instance sizing, storage configuration, parameter groups, backup and point-in-time recovery",Provision an Aurora MySQL cluster and migrate an application from self-managed MySQL to Aurora,4 hours,Advanced
399,Cloud and DevOps,GitOps: Deploying Infrastructure With Git,Learn GitOps the practice of using Git as the single source of truth for all infrastructure and deployments,You will be able to implement a GitOps workflow using ArgoCD that automatically deploys any change merged to main,"GitOps principles, ArgoCD, declarative infrastructure, drift detection, automatic reconciliation",Set up a complete GitOps workflow where merging to main automatically updates Kubernetes deployments,4 hours,Advanced
400,Cloud and DevOps,Building a Developer Platform: Internal Tools for Teams,Learn how to build an internal developer platform that makes your team deploy faster and more reliably,You will be able to design and build an internal platform with self-service deployment secrets management and observability,"Internal developer platforms, Backstage, self-service deployments, golden paths, platform engineering",Design an internal developer platform for a 10-person engineering team and implement its core features,6 hours,Advanced
401,Design and Product,UI Design Fundamentals: Making Things Look Professional,Learn the core principles of visual design that make any interface look professional and trustworthy,You will be able to apply spacing alignment hierarchy colour and typography to make any UI look significantly more professional,"Visual hierarchy, whitespace, alignment grid, typography scale, colour theory, consistency",Redesign an ugly web page by applying the 5 design fundamentals and document every change made,3 hours,Beginner
402,Design and Product,Figma From Zero: Designing Interfaces,Learn Figma the industry-standard design tool used by professional product designers worldwide,You will be able to design a complete mobile or web application in Figma with components styles and prototyping,"Figma workspace, frames and layers, auto layout, components and variants, styles, prototyping",Design a complete mobile app UI in Figma with a consistent design system and interactive prototype,8 hours,Beginner
403,Design and Product,Canva Mastery: Professional Designs for Non-Designers,Learn Canva to create professional marketing materials social media posts and presentations,You will be able to produce professional quality design outputs for any business purpose using Canva,"Canva workspace, templates, brand kit, social media templates, presentations, printing specs",Create a complete brand kit including logo social media templates flyers and a presentation deck,4 hours,Beginner
404,Design and Product,User Experience Design: Designing for How People Think,Learn UX design the practice of making products that people find intuitive and enjoyable to use,You will be able to conduct user research create user flows and design interfaces that real users can navigate without help,"User research, personas, user journey maps, information architecture, wireframing, usability testing",Conduct user research wireframe and test a design for a Nigerian USSD banking app replacement,7 hours,Intermediate
405,Design and Product,Mobile UI Patterns: Designing for Small Screens,Learn the specific patterns conventions and constraints of designing for mobile phones,You will be able to design mobile interfaces that follow platform conventions and work well with thumb navigation,"iOS vs Android guidelines, mobile navigation patterns, touch targets, gestures, forms on mobile",Design a complete mobile app UI following platform guidelines for both iOS and Android,5 hours,Intermediate
406,Design and Product,Typography: Making Text Beautiful and Readable,Learn typography the craft of arranging type that most designers skip but that makes everything better,You will be able to choose appropriate typefaces set proper sizes and line heights and pair fonts effectively,"Type anatomy, classification, hierarchy, pairing, web fonts, line height and measure, readability",Restyle 3 different real websites using only typography improvements,3 hours,Beginner
407,Design and Product,Colour Theory for Digital Design,Learn how colour works and how to build colour systems that look professional and communicate clearly,You will be able to build a complete colour palette for any brand and apply it consistently in any design,"Colour wheel, harmony, contrast ratios, accessible colour, brand colour psychology, building palettes",Design 3 brand colour systems for different industry types and test them for accessibility compliance,3 hours,Beginner
408,Design and Product,Design Systems: Building Consistency at Scale,Learn how to build a design system that ensures consistency across all products and speeds up future design work,You will be able to build a complete design system with components tokens documentation and usage guidelines,"Design tokens, component library, documentation, Figma component architecture, system governance",Build a complete design system for a fictional Nigerian fintech with all core components,8 hours,Intermediate
409,Design and Product,Accessibility in Design: Designing for Everyone,Learn how to design interfaces that work for people with visual hearing motor and cognitive disabilities,You will be able to design and audit any interface for WCAG 2.1 AA accessibility compliance,"WCAG principles, colour contrast, focus states, keyboard navigation, screen reader considerations",Audit a real Nigerian app for accessibility issues and redesign 5 screens to be fully accessible,4 hours,Intermediate
410,Design and Product,Logo Design With Figma: Building Brand Identity,Learn how to design professional logos and brand identities from scratch,You will be able to design a complete brand identity including primary logo mark and wordmark usage rules,"Logo types, vector design in Figma, symbolism and meaning, colour in logos, brand guidelines",Design 3 complete logos for different fictional businesses and present each with rationale,5 hours,Intermediate
411,Design and Product,Usability Testing: Watching Real Users Break Your Product,Learn how to run usability tests that reveal how real users actually use your product,You will be able to design conduct and analyse a usability test and produce actionable design recommendations,"Test planning, participant recruitment, task design, moderation, affinity mapping, recommendation reports",Conduct a 5-participant usability test on a real app and produce a findings and recommendations report,4 hours,Intermediate
412,Design and Product,Prototyping: From Sketch to Clickable Demo,Learn how to build interactive prototypes that demonstrate how a product works without writing code,You will be able to build a fully interactive high-fidelity prototype in Figma that can be tested with real users,"Fidelity levels, Figma prototyping connections, transitions, overlay and component states, testing prototypes",Build a fully interactive prototype of a 10-screen app that stakeholders can test on a phone,4 hours,Intermediate
413,Design and Product,Design for WhatsApp and Social Media,Learn how to design engaging visual content specifically for WhatsApp Facebook and Instagram,You will be able to create professional social media graphics educational carousels and WhatsApp flyers,"Platform size requirements, carousel design, text-to-image ratio, brand voice in design, batch production",Design a month of social media content for Silabs Academy in a consistent visual style,5 hours,Beginner
414,Design and Product,Product Management: Building the Right Thing,Learn product management the practice of deciding what to build and why in a technology company,You will be able to write user stories define acceptance criteria prioritise a backlog and manage a product roadmap,"PM vs project manager, user stories, jobs to be done, prioritisation frameworks RICE and ICE, roadmap ownership",Write a complete product requirements document for a feature of a real Nigerian app,5 hours,Intermediate
415,Design and Product,Product Analytics: Measuring Whether Your Product Works,Learn how to instrument a product to measure user behaviour and make data-driven product decisions,You will be able to set up product analytics define key metrics and analyse user behaviour to improve a product,"Mixpanel or Amplitude, event tracking, funnel analysis, retention, user segmentation, A/B test design",Instrument a web application with full event tracking and analyse a simulated user funnel,5 hours,Intermediate
416,Design and Product,Information Architecture: Organising Content So People Find It,Learn how to structure content and navigation so that users always know where they are and how to get what they need,You will be able to conduct a card sort design a site map and create a navigation structure for any digital product,"Card sorting, tree testing, site maps, navigation patterns, labelling and taxonomy",Conduct a card sort and redesign the navigation of a poorly organised Nigerian government website,4 hours,Intermediate
417,Design and Product,Design Critique: Giving and Receiving Design Feedback,Learn how to give and receive design feedback that improves work without damaging relationships,You will be able to conduct structured design critiques and respond to feedback in ways that improve outcomes,"Critique vs criticism, structured feedback frameworks, separating work from worth, feedback hierarchies",Run a structured design critique session for 3 different design pieces and document outcomes,2 hours,Foundation
418,Design and Product,Designing for Low-Literacy and First-Time Digital Users,Learn how to design products that work for Nigerians using a smartphone for the first time or with low literacy,You will be able to apply inclusive design principles that serve the broadest possible Nigerian audience,"Icons vs text, visual instruction patterns, onboarding for first-time users, testing with real users",Redesign a digital government form for use by low-literacy smartphone users in a rural area,4 hours,Advanced
419,Design and Product,Motion Design: Making Interfaces Feel Alive,Learn how to add meaningful motion and animation to digital interfaces,You will be able to design micro-interactions and screen transitions that communicate clearly and delight users,"Why motion matters, transition types, timing and easing, Figma Smart Animate, meaningful vs decorative motion",Add meaningful motion to a static mobile app design using Figma Smart Animate,3 hours,Intermediate
420,Design and Product,Building a Design Portfolio,Learn how to build a design portfolio that lands jobs and clients in a competitive market,You will have a complete online design portfolio with 5 case studies that demonstrate your full design process,"Case study structure, portfolio platforms, writing about design, presenting process not just outcomes",Build a complete Behance or personal site portfolio with 5 documented design case studies,5 hours,Intermediate
421,Design and Product,Competitive Analysis: Learning From Existing Products,Learn how to systematically analyse competitor products to find opportunities for your own,You will be able to conduct a structured competitive analysis and identify clear differentiation opportunities,"Competitive analysis framework, feature comparison, UX heuristic evaluation, positioning map",Conduct a complete competitive analysis of 5 Nigerian fintech apps and identify 3 opportunities,4 hours,Foundation
422,Design and Product,Error States and Edge Cases: Designing for Failure,Learn how to design the parts of products that most designers ignore — errors empty states and edge cases,You will be able to design complete error states empty states and edge cases for any application,"Error message writing, empty state design, offline states, loading states, error recovery flows",Design all error and edge case states for a 10-screen app that currently handles none of them,3 hours,Intermediate
423,Design and Product,Designing for Dark Mode,Learn how to design interfaces that work beautifully in both light and dark modes,You will be able to extend any design system to support dark mode with proper colour and contrast handling,"Dark mode principles, colour semantics, opacity vs colour, component adaptation, Figma dark mode setup",Extend a light mode design system to a complete dark mode variant,3 hours,Intermediate
424,Design and Product,User Research: Finding What Users Really Need,Learn user research methods to discover what users need before spending months building the wrong thing,You will be able to conduct contextual interviews surveys and observational research and synthesise findings,"Research methods, interview techniques, survey design, affinity diagrams, insight synthesis",Conduct and synthesise user research for a real or practice design problem and present findings,5 hours,Intermediate
425,Design and Product,No-Code Tools: Building Real Products Without Coding,Learn no-code tools that let you build functional web apps mobile apps and automations without writing code,You will be able to build a functioning web application using Bubble Webflow or Glide without any code,"Bubble for web apps, Glide for mobile, Webflow for websites, Zapier for automation, when to use no-code",Build a complete functional web app for a small business using a no-code platform,6 hours,Beginner
426,Design and Product,Designing a Mobile App for Rural Nigerian Users,Learn how to design mobile experiences that work for users with limited connectivity older devices and low digital literacy,You will be able to conduct research with and design for rural Nigerian users outside of major urban centres,"Offline-first design, data minimisation in UI, older device constraints, local language consideration",Design a complete mobile crop monitoring app for smallholder farmers in rural Nigeria,5 hours,Advanced
427,Design and Product,Growth Design: Designing for Acquisition and Retention,Learn how to design product experiences that drive user acquisition and keep users coming back,You will be able to apply growth design principles to any product to improve conversion and retention metrics,"Onboarding design, activation triggers, habit loops, notification design, viral mechanics, churn reduction",Redesign the onboarding flow of a real app to improve activation rate based on growth design principles,4 hours,Advanced
428,Design and Product,Service Design: Designing Beyond the Screen,Learn service design the practice of designing the complete user experience including offline touchpoints,You will be able to map a complete service journey and identify improvements at every online and offline touchpoint,"Service design concept, service blueprints, touchpoints, front and backstage, service design for government",Create a complete service blueprint for a Nigerian government service like passport renewal,4 hours,Advanced
429,Design and Product,Designing the AI Experience: UX for AI-Powered Products,Learn how to design user experiences for AI features that build trust and manage expectations,You will be able to design AI-powered product features that feel helpful transparent and trustworthy,"Designing for uncertainty, showing AI confidence, error and correction patterns, AI onboarding, trust building",Design the UX for 3 different AI features in a consumer application with full state coverage,4 hours,Advanced
430,Design and Product,Brand Identity Design: Building a Brand From Nothing,Learn how to build a complete brand identity for a new business from strategy through visual design,You will be able to produce a complete brand identity package including strategy logo colours typography and guidelines,"Brand strategy, naming, logo design, colour and typography system, brand voice, brand guidelines document",Build a complete brand identity for a fictional Nigerian tech startup,7 hours,Intermediate
431,Professional Skills,Technical Writing: Documenting Your Work Like a Professional,Learn how to write technical documentation that developers can actually understand and use,You will be able to write API documentation README files user guides and technical reports to a professional standard,"Documentation types, API docs with Postman, README best practices, user guide writing, technical report structure",Write complete documentation for a real project including API docs README and user guide,5 hours,Intermediate
432,Professional Skills,Presenting Technical Work to Non-Technical Stakeholders,Learn how to explain complex technical concepts to managers clients and non-technical decision makers,You will be able to deliver a compelling presentation of any technical work to a non-technical audience,"Translating technical concepts, avoiding jargon, storytelling with data, presentation structure, Q&A handling",Present a technical project to 5 non-technical people and achieve 80%+ comprehension score,3 hours,Intermediate
433,Professional Skills,Microsoft Word Mastery: Documents That Look Professional,Learn how to use Microsoft Word properly for professional documents with consistent formatting,You will be able to create any professional document in Word with consistent styles automatic TOC and proper formatting,"Styles and themes, headings and TOC, page layout, tables, track changes, mail merge",Create a 20-page professional report using Word styles automatic table of contents and consistent formatting,3 hours,Beginner
434,Professional Skills,PowerPoint Mastery: Presentations That Communicate,Learn how to use PowerPoint to create presentations that communicate clearly and look professional,You will be able to build any professional presentation with consistent design clear messaging and good data visualisation,"Slide masters and layouts, design principles for slides, data visualisation in PPT, animation used correctly",Build a complete 15-slide investor pitch deck for a real or fictional company,4 hours,Beginner
435,Professional Skills,Professional Email Writing,Learn how to write emails that are clear professional and get the response you need,You will be able to write any professional email from client proposals to formal complaints to government agencies,"Email structure, subject line optimisation, tone calibration, call to action, handling difficult emails",Write 10 different professional emails for different situations and evaluate their effectiveness,2 hours,Beginner
436,Professional Skills,Time Management for Tech Professionals,Learn time management systems specifically for people who do creative and technical work,You will be able to manage your time so that deep technical work gets done without losing track of communications and admin,"Deep work concept, time blocking, task prioritisation, dealing with interruptions, energy management",Design and implement a time management system for a week and measure output vs previous week,2 hours,Foundation
437,Professional Skills,Remote Work Skills: Thriving Without an Office,Learn how to work productively in remote and hybrid environments at professional standards,You will be able to maintain full professional output quality and communication in a fully remote setting,"Async communication, documentation culture, visibility without proximity, remote meeting facilitation, home office setup",Set up a complete remote work system and complete a work simulation at professional standard,2 hours,Foundation
438,Professional Skills,Keyboard Shortcuts and Productivity: Saving 2 Hours Every Day,Learn keyboard shortcuts and productivity techniques across Windows Linux VSCode and common web tools,You will be able to complete common computing tasks at least 3x faster using keyboard shortcuts and workflow improvements,"Windows and Linux shortcuts, VSCode shortcuts, browser DevTools shortcuts, command line productivity",Complete 50 computing tasks using only keyboard shortcuts with no mouse usage,2 hours,Beginner
439,Professional Skills,Problem Solving: Thinking Through Hard Technical Problems,Learn a systematic approach to solving complex technical problems that every senior developer uses,You will be able to approach any technical problem systematically decompose it into parts and find a solution reliably,"Problem decomposition, first principles thinking, rubber duck debugging, research strategies, asking for help well",Work through 5 hard technical problems using the systematic approach and document your process,3 hours,Foundation
440,Professional Skills,Nigerian English for Global Tech Communication,Learn how to communicate in the international tech world where Nigerian English patterns can cause misunderstanding,You will be able to write and speak in a way that is clear to international colleagues while remaining authentically yourself,"Common communication gaps, clear writing principles, international meeting participation, documentation writing",Rewrite 5 Nigerian English technical communications into internationally clear versions,2 hours,Foundation
441,Professional Skills,Building a GitHub Profile That Gets You Hired,Learn how to build a GitHub profile that serves as a portfolio and attracts employers and contract opportunities,You will have a GitHub profile with at least 5 projects that demonstrates your skills clearly to any recruiter,"Profile README, project READMEs, contributing to open source, pinned repositories, contribution graph",Build a complete professional GitHub profile and publish 5 projects with full documentation,4 hours,Beginner
442,Professional Skills,CV and Resume Writing for Tech Roles,Learn how to write a tech CV that passes ATS screening and impresses hiring managers,You will be able to write a CV that accurately represents your skills and gets called for interviews,"ATS optimisation, quantifying achievements, skills section for tech, project descriptions, format and length",Write a complete tech CV tailored to a specific job description,2 hours,Beginner
443,Professional Skills,Interview Preparation: Technical and Behavioural,Learn how to prepare for and perform well in technical interviews for developer and tech roles,You will be able to solve common coding interview questions and answer behavioural questions using the STAR method,"Data structures questions, algorithm practice, system design basics, STAR method, salary negotiation",Complete 20 practice interview questions and conduct 2 mock interview sessions,5 hours,Intermediate
444,Professional Skills,System Design Interviews: Designing Systems Under Pressure,Learn how to approach system design interview questions that senior developer roles require,You will be able to design any large-scale system in a 45-minute interview using a structured approach,"Requirements clarification, capacity estimation, high-level design, component deep dives, trade-off discussion",Design 5 systems from scratch including a URL shortener chat app and ride-hailing service,6 hours,Advanced
445,Professional Skills,Mentoring Junior Developers: Teaching What You Know,Learn how to mentor junior developers effectively so they grow faster and become better team members,You will be able to provide structured mentoring that accelerates a junior developer's growth meaningfully,"Mentoring vs managing, structured learning plans, code review as teaching, giving effective feedback",Design and execute a 4-week mentoring plan for a junior developer in your area,3 hours,Advanced
446,Professional Skills,Teaching Tech: Explaining Things Simply,Learn how to explain technical concepts to beginners in a way that actually helps them understand,You will be able to explain any technical concept clearly using analogies examples and structured progression,"The curse of knowledge, analogies and examples, scaffolding complexity, checking understanding",Teach 3 technical concepts to non-technical people and measure their comprehension,3 hours,Foundation
447,Professional Skills,Open Source Contribution: Giving Back and Building Skills,Learn how to find contribute to and get recognised for open source contributions,You will be able to make a genuine contribution to an open source project and navigate the collaboration process,"Finding projects, reading contribution guidelines, forking and PRs, issue selection, community norms",Make at least one accepted pull request contribution to a real open-source project,4 hours,Intermediate
448,Professional Skills,Working in a Tech Team: Collaboration and Communication,Learn how to work effectively in a software development team including code review standups and documentation,You will be able to function as a productive member of any software development team from day one,"Daily standups, code review etiquette, writing commit messages, documentation culture, conflict resolution",Participate in a simulated sprint with a team and complete all team collaboration requirements,3 hours,Foundation
449,Professional Skills,Salary Negotiation for Tech Professionals in Nigeria,Learn how to negotiate salary and contract rates confidently in the Nigerian and international tech market,You will be able to negotiate a salary that is at or above market rate using the techniques in this course,"Market research for tech salaries, anchoring strategies, handling counters, negotiating benefits, total compensation",Role-play 5 salary negotiation scenarios at different experience levels and evaluate outcomes,2 hours,Foundation
450,Professional Skills,Tech Job Search in Nigeria: Finding the Right Role,Learn how to find evaluate and apply for technology jobs in Nigeria's growing tech ecosystem,You will be able to identify the right companies apply effectively and navigate the Nigerian tech hiring process,"Nigerian tech job market, where to look, application customisation, networking for jobs, recruiter relationships",Identify and apply to 5 relevant tech roles with tailored applications,3 hours,Foundation
451,Professional Skills,Scrum Master Skills: Running Effective Agile Teams,Learn the Scrum framework and how to facilitate it effectively as a Scrum Master or team lead,You will be able to run sprint planning daily standups sprint reviews and retrospectives that improve team performance,"Scrum theory, events and artefacts, facilitating ceremonies, resolving impediments, team health",Facilitate a complete 2-week Scrum sprint for a real or practice team,4 hours,Intermediate
452,Professional Skills,Conflict Resolution in Tech Teams,Learn how to identify and resolve technical and interpersonal conflicts in software development teams,You will be able to navigate common tech team conflicts from code ownership disputes to missed deadlines,"Types of team conflict, interest-based negotiation, mediation basics, difficult conversations, blameless culture",Resolve 5 simulated tech team conflict scenarios using the frameworks from the course,3 hours,Intermediate
453,Professional Skills,Building a Study Habit: Learning Technical Skills Efficiently,Learn the science of learning applied to acquiring technical skills as an adult,You will be able to design a personal learning system that gets you from zero to competent in any technical skill faster,"Spaced repetition, active recall, deliberate practice, project-based learning, avoiding tutorial hell",Design and execute a 4-week learning sprint for a specific technical skill using the framework,2 hours,Foundation
454,Professional Skills,Postmortem Writing: Learning From Failures Professionally,Learn how to write blameless postmortems that help teams learn from incidents without finger-pointing,You will be able to write a complete incident postmortem that identifies root causes and prevents recurrence,"What a postmortem is, blameless culture, timeline reconstruction, 5 Whys analysis, action items",Write a complete postmortem for a simulated production incident,3 hours,Intermediate
455,Professional Skills,Technical Debt: Managing and Communicating the Real Cost,Learn how to identify measure and communicate technical debt to non-technical stakeholders,You will be able to quantify technical debt in a codebase and present a justified remediation plan to management,"What technical debt is, measuring it, types of debt, communicating to non-technical people, prioritisation",Audit a codebase for technical debt quantify it and write a business case for addressing it,3 hours,Intermediate
456,Professional Skills,Networking in Tech: Getting Ahead Through Relationships,Learn how to build a professional network in Nigerian and international tech that creates opportunities,You will be able to build genuine professional relationships in tech that generate job offers contracts and collaborations,"Networking mindset, Twitter X and LinkedIn strategy, tech events, informational interviews, giving before taking",Build and document 10 new meaningful professional connections in the Nigerian tech community,3 hours,Foundation
457,Professional Skills,Writing a Technical Blog: Sharing Knowledge and Building Reputation,Learn how to write technical blog posts that demonstrate your expertise and attract career opportunities,You will be able to write and publish technical posts that are shared and read by other developers,"Topic selection, writing for developers, code examples in posts, publishing on Dev.to and Hashnode, SEO",Write and publish 3 technical blog posts and achieve at least 50 reads on each,4 hours,Foundation
458,Professional Skills,Speaking at Tech Events: Building Visibility,Learn how to prepare for and deliver talks at tech meetups and conferences in Nigeria,You will be able to prepare a 20-minute technical talk and deliver it to a live audience confidently,"Talk proposal writing, presentation structure, demo preparation, handling nerves, Q&A",Prepare and deliver a complete 20-minute technical talk at a meetup or recorded session,4 hours,Intermediate
459,Professional Skills,Personal KPIs: Tracking Your Professional Growth,Learn how to set and track personal performance metrics that keep your career growing systematically,You will be able to define track and act on personal KPIs that measure your technical and professional growth,"Personal OKRs, skill tracking, income and impact metrics, quarterly review process, public accountability",Set up a personal KPI dashboard and complete a 4-week tracking cycle,2 hours,Foundation
460,Professional Skills,Professional Boundaries: Protecting Your Time and Work,Learn how to set professional boundaries with clients employers and colleagues that protect your energy and output,You will be able to decline scope creep set working hour expectations and communicate limits without damaging relationships,"Scope creep patterns, setting expectations upfront, saying no professionally, contract protections",Practice saying no to 5 different boundary-violation scenarios using the frameworks,2 hours,Foundation
461,Nigerian Context Tech,USSD Development: Building for the 2G Nigerian Phone,Learn how to build USSD applications that work on any phone without internet — reaching 90% of Nigerians,You will be able to build a complete USSD menu system that handles multi-step interactions on any mobile network,"How USSD works, USSD gateway APIs, session management, menu design, Africa's Talking USSD API",Build a USSD app for school result checking that works on any basic phone in Nigeria,5 hours,Intermediate
462,Nigerian Context Tech,M-Commerce for Nigerian SMEs: Selling on WhatsApp,Learn how to build a complete e-commerce system that operates entirely through WhatsApp,You will be able to sell products take orders handle payments and manage inventory entirely through WhatsApp,"WhatsApp Business API, catalogue, order flow, payment link integration, order management",Build a complete WhatsApp-based shop for a fashion or food business,5 hours,Beginner
463,Nigerian Context Tech,Nigerian Fintech Stack: NIP NIBSS and Banking APIs,Learn the technical infrastructure behind Nigerian payments and how to build on top of it,You will be able to explain NIP NIBSS BVN NIN and build applications that integrate Nigerian financial infrastructure,"NIBSS NIP, NIP transfer flow, BVN verification, NIN integration, interbank settlement, NEFT vs NIP",Build an integration that initiates a NIP transfer and verifies the recipient BVN,5 hours,Advanced
464,Nigerian Context Tech,Flutterwave Complete Integration Guide,Learn how to integrate every Flutterwave payment product into web and mobile applications,You will be able to process card mobile money bank transfer and USSD payments through Flutterwave in any app,"Inline checkout, standard API, webhook verification, split payments, refunds, Flutterwave for Business",Build a complete e-commerce checkout using Flutterwave with all payment methods and webhooks,5 hours,Intermediate
465,Nigerian Context Tech,Paystack Complete Integration Guide,Learn how to integrate Paystack the most developer-friendly Nigerian payment gateway,You will be able to accept payments verify transactions split revenue and handle all Paystack webhook events,"Payment initialisation and verification, subaccounts for split payments, recurring charges, refunds, testing",Build a subscription billing system using Paystack recurring charges with automatic retry,5 hours,Intermediate
466,Nigerian Context Tech,Africa's Talking: SMS Voice and USSD for African Apps,Learn the Africa's Talking API platform for building voice SMS USSD and airtime applications,You will be able to send bulk SMS receive inbound SMS build voice calls and deploy USSD apps using Africa's Talking,"API authentication, SMS sending and receiving, voice call management, USSD app deployment, airtime topup",Build a multi-channel notification system using SMS voice and USSD from Africa's Talking,5 hours,Intermediate
467,Nigerian Context Tech,Nigerian Government Systems: How E-Government Works,Understand how Nigerian government digital services are structured and how to build systems that integrate with them,You will be able to navigate Nigerian government digital systems identify integration points and build compliant applications,"FIRS TaxPro Max, CAC Online, NIMC API, eCitizen concept, government procurement systems",Map the digital touchpoints for starting and operating a business in Nigeria using only government portals,3 hours,Foundation
468,Nigerian Context Tech,GSM Business in Nigeria: Building Telco-Adjacent Applications,Learn how to build applications that leverage Nigeria's mobile network infrastructure,You will be able to build applications that use SMS bulk messaging airtime VTU and mobile data,"Nigeria MNO API landscape, MTN Glo Airtel 9mobile APIs, bulk SMS aggregators, VTU APIs, shortcodes",Build a bulk SMS notification system that sends personalised messages to 1000 contacts,4 hours,Intermediate
469,Nigerian Context Tech,BVN and NIN Verification Integration,Learn how to integrate BVN and NIN verification into any application for KYC compliance,You will be able to implement identity verification using BVN and NIN in a web or mobile application,"BVN verification APIs, NIN verification, NINAuth integration, identity match scoring, NDPC compliance",Build a KYC verification flow that verifies BVN and NIN before allowing account creation,4 hours,Intermediate
470,Nigerian Context Tech,Electricity and Utility Token Generation Integration,Learn how to integrate NERC-compliant electricity token generation into any e-commerce platform,You will be able to process electricity payments generate tokens for any DISCO and handle payment failures,"NERC token system, DISCO APIs, VTPass integration, token format, error handling and retry",Build a complete electricity vending system for all major Nigerian DISCOs,4 hours,Intermediate
471,Nigerian Context Tech,Building for Low-Connectivity Environments in Nigeria,Learn how to build web and mobile applications that remain functional in 2G and limited data environments,You will be able to design and build applications that work well in Nigeria's variable network conditions,"Progressive loading, data minimisation, offline-first with service workers, image optimisation, USSD fallback",Optimise a web application to load and function correctly on a 2G network,4 hours,Intermediate
472,Nigerian Context Tech,Nigerian English NLP: Processing Text in Nigerian Context,Learn the unique challenges of natural language processing for Nigerian English and Pidgin,You will be able to build NLP models that handle Nigerian English slang code-switching and informal text,"Nigerian English patterns, Pidgin English NLP, code-switching detection, preprocessing Nigerian text",Build a sentiment analysis model that accurately handles Nigerian Twitter text including Pidgin,5 hours,Advanced
473,Nigerian Context Tech,Digital Safety for Nigerian Users,Learn how to protect yourself and your users from the unique digital threats facing Nigerians,You will be able to educate users about and implement protections against Nigerian-specific cyber threats,"419 advance fee fraud, SIM swap attacks, account takeover tactics, safe banking practices, scam identification",Build a digital safety training curriculum for a Nigerian SME,3 hours,Foundation
474,Nigerian Context Tech,AgriTech for Nigerian Farmers: Building Digital Farm Tools,Learn how to build digital tools that address the specific problems faced by Nigerian smallholder farmers,You will be able to design and build digital products that provide real value to farming communities,"Farmer user research, offline-first requirements, voice interface considerations, market price integration",Design and prototype a digital tool that solves a specific problem for Nigerian cassava farmers,5 hours,Intermediate
475,Nigerian Context Tech,E-Commerce for Nigerian Markets: Selling Online in Nigeria,Learn how to build e-commerce systems tailored to Nigerian buyer and seller behaviour,You will be able to build an e-commerce platform that handles Nigerian payment methods delivery challenges and trust issues,"Trust signals for Nigerian buyers, COD vs prepaid, last-mile delivery integration, Gigrush Sendbox APIs",Build a complete e-commerce site with Nigerian payment methods and delivery integration,7 hours,Intermediate
476,Nigerian Context Tech,HealthTech for Nigeria: Building Healthcare Apps,Learn how to build health technology applications that serve Nigerian patients and healthcare providers,You will be able to design and build a healthcare application that complies with Nigerian health data guidelines,"Nigerian healthcare landscape, NHIA integration, patient data privacy, telemedicine regulations, HMIS systems",Build a telemedicine booking system for a Nigerian private clinic,6 hours,Intermediate
477,Nigerian Context Tech,EdTech for Nigerian Students: Building Learning Apps,Learn how to build educational technology that works within the constraints and context of Nigerian education,You will be able to design and build a learning product that Nigerian students can access and afford,"WAEC and JAMB content alignment, feature phone support, offline content, pricing for students",Build a WAEC past questions app that works offline on low-end Android devices,5 hours,Intermediate
478,Nigerian Context Tech,Building for Nigerian Languages: Localisation at Scale,Learn how to build applications that support Yoruba Hausa Igbo and other Nigerian languages properly,You will be able to implement full localisation for any application including right-to-left support and language switching,"i18n for Nigerian languages, font support, right-to-left for Arabic-influenced languages, language detection",Add Hausa and Yoruba language support to a complete web application,4 hours,Intermediate
479,Nigerian Context Tech,Nigerian Tax and Accounting Systems,Learn how to build software that handles Nigerian tax obligations including VAT WHT and PAYE correctly,You will be able to build financial software that correctly calculates and reports Nigerian taxes,"FIRS tax types, VAT and VAT exclusive pricing, WHT rates, PAYE calculation, FIRS TaxPro Max integration",Build a payroll system that automatically calculates PAYE and generates FIRS-format reports,5 hours,Intermediate
480,Nigerian Context Tech,Building for the Informal Economy: Cash and No-Bank-Account Users,Learn how to build digital products that serve the majority of Nigerians who use cash or informal finance,You will be able to design digital products that accommodate cash collection unbanked users and informal records,"Agent banking model, OPay PalmPay ecosystem, cash-in cash-out design, agent network building",Design and prototype a digital tool for an informal market trader who has no bank account,4 hours,Intermediate
481,Nigerian Context Tech,Agile in Nigerian Teams: Making It Work Here,Learn how to adapt Agile methodology to work within the cultural and operational realities of Nigerian teams,You will be able to run Agile effectively in a Nigerian context considering power dynamics communication styles and infrastructure,"Nigerian workplace culture, adapting standups and retrospectives, handling hierarchy in sprints, remote challenges",Run a 2-week adapted Agile sprint with a real or simulated Nigerian team,3 hours,Intermediate
482,Nigerian Context Tech,Government API Integrations: Working With Public Data,Learn how to use publicly available Nigerian government datasets and APIs in applications,You will be able to integrate publicly available Nigerian data sources including NBS datasets into applications,"NBS data, Central Bank data, NERC open data, geospatial Nigeria data, data licence considerations",Build a dashboard using 3 real Nigerian government datasets,4 hours,Intermediate
483,Nigerian Context Tech,Building a Dispatch and Logistics App,Learn how to build an on-demand logistics and delivery application for the Nigerian urban market,You will be able to build a basic ride or delivery matching system with real-time tracking and payment,"Driver and customer apps, geolocation, job matching, real-time tracking, payment split",Build a simplified delivery matching app with driver and customer interfaces,8 hours,Advanced
484,Nigerian Context Tech,School Management System: Built for Nigerian Schools,Learn how to build a comprehensive school management system tailored to Nigerian school operations,You will be able to build a complete school system with student records attendance results fees and reports,"Nigerian school structure, WAEC and NECO alignment, fee management, CBT module, parent portal",Build a complete school management system for a Nigerian secondary school,12 hours,Intermediate
485,Nigerian Context Tech,Church and Religious Organisation Management System,Learn how to build management software for the unique operational needs of Nigerian churches,You will be able to build a church management system with member records giving attendance and communications,"Membership management, tithe and offering tracking, attendance, event management, SMS communications",Build a complete church management system including a giving portal and WhatsApp digest,7 hours,Beginner
486,Nigerian Context Tech,Hotel and Hospitality Management for Nigerian Businesses,Learn how to build property management and booking systems for Nigerian hotels and guesthouses,You will be able to build a hotel management system with reservations payment room management and reporting,"Room management, reservation calendar, checkin checkout, Flutterwave for booking deposits, reporting",Build a complete hotel management system for a 20-room Nigerian guesthouse,7 hours,Intermediate
487,Nigerian Context Tech,Cooperative and Thrift Society Management System,Learn how to build financial management software for Nigerian cooperatives and thrift organisations,You will be able to build a complete cooperative management system with member contributions loans and statements,"Member registration, contribution tracking, loan application and approval, interest calculation, statement generation",Build a complete cooperative management system for an active Nigerian cooperative,6 hours,Beginner
488,Nigerian Context Tech,Building a VTU Business: PayQuick-Style Applications,Learn how to build a Value-Added Services and VTU platform from scratch,You will be able to build a complete VTU application with airtime data bills payment and an agent dashboard,"VTU business model, VTPass and other aggregators, commission structures, agent management, transaction history",Build a complete VTU application with user registration wallet payment and agent dashboard,7 hours,Intermediate
489,Nigerian Context Tech,Nigerian Startup Legal Foundations,Learn the essential legal foundations for running a Nigerian technology startup correctly,You will be able to set up your startup legally manage IP protect co-founder relationships and handle basic contracts,"CAC registration options, IP protection, employment law basics, contract essentials, regulatory compliance for tech",Complete all legal setup tasks for a new tech startup including CAC registration and template contracts,4 hours,Foundation
490,Nigerian Context Tech,Digital Marketing for Nigerian Audiences,Learn how to run digital marketing campaigns that resonate with Nigerian audiences across platforms,You will be able to run Facebook Instagram TikTok and Google Ads campaigns that generate measurable returns for Nigerian products,"Understanding Nigerian social media behaviour, content that converts in Nigeria, naira budgeting for ads, influencer marketing",Run a complete digital marketing campaign for a Nigerian product and measure ROAS,5 hours,Intermediate
491,Nigerian Context Tech,Building a Food Delivery App for Nigerian Cities,Learn how to build a food ordering and delivery platform tailored to Nigerian urban operations,You will be able to build a working food delivery app with restaurant onboarding customer ordering and rider dispatch,"Restaurant and customer apps, menu management, order lifecycle, rider assignment, delivery fee calculation",Build a simplified food delivery app with restaurant customer and rider roles,8 hours,Advanced
492,Nigerian Context Tech,Real Estate Technology for Nigeria,Learn how to build property listing search and management technology for the Nigerian real estate market,You will be able to build a real estate platform with listings search map integration agent profiles and lead generation,"Nigerian real estate market, property listing management, location-based search, WhatsApp lead generation",Build a complete real estate listing platform for a Nigerian city,6 hours,Intermediate
493,Nigerian Context Tech,Building a Nigerian News and Media Platform,Learn how to build a news website or app that serves Nigerian audiences reliably at scale,You will be able to build a complete news platform with article management categories search and monetisation,"CMS architecture, article management, categories and tags, ad integration, push notifications",Build a complete news platform with admin CMS reader interface and push notifications,6 hours,Intermediate
494,Nigerian Context Tech,Security Technology for Nigerian Businesses,Learn how to build security management systems for Nigerian security firms and businesses,You will be able to build a guard management patrol verification and incident reporting system,"Guard scheduling, patrol checkpoints with QR codes, incident reporting, client portal, shift reports",Build a complete security patrol and incident management system,6 hours,Intermediate
495,Nigerian Context Tech,NDPC Compliance: Building Data-Compliant Applications,Learn the Nigeria Data Protection Commission Act 2023 and how to build applications that are fully compliant,You will be able to audit any application for NDPC 2023 compliance and implement all required controls,"NDPC 2023 key requirements, lawful basis for processing, consent management, DPO requirements, breach reporting",Conduct a full NDPC 2023 compliance audit of a web application and implement all fixes,4 hours,Intermediate
496,Nigerian Context Tech,Building the Silabs Academy Platform,Learn how to build the actual Silabs Academy learning management system from architecture to deployment,You will be able to build a complete LMS with course management student progress video hosting and payment,"LMS architecture, course structure, progress tracking, video hosting, quiz system, payment integration",Build a functional version of the Silabs Academy platform with at least 5 working features,12 hours,Advanced
497,Nigerian Context Tech,UniXpress: Building a Student Super-Platform,Learn how to build a platform like UniXpress that serves Nigerian university students across multiple needs,You will be able to build the core features of a student platform including resources marketplace and placement,"Student platform architecture, SIWES placement feature, student marketplace, notes monetisation","Build 3 core features of a student platform: resource library, marketplace, and placement matching",8 hours,Advanced
498,Nigerian Context Tech,Project Vanguard: Building a Voice Intelligence System,Learn how to build an audio intelligence system for processing and analysing voice evidence,You will be able to build a working voice identification and transcription pipeline with chain-of-custody documentation,"Voice embedding with SpeechBrain, Whisper transcription, FAISS search, SHA-256 hashing, report generation",Build a working voice intelligence pipeline that identifies a speaker from 10 enrolled voiceprints,10 hours,Advanced
499,Nigerian Context Tech,Building AlumBridge: Alumni Network Platform,Learn how to build a complete alumni network platform with directory jobs donations and events,You will be able to build a full alumni platform with all core social and professional networking features,"Alumni profile system, job board, donation with bank transfer flow, events management, messaging",Build a complete alumni platform for a Nigerian university,10 hours,Intermediate
500,Nigerian Context Tech,Techdialect: Building Multilingual STEM Content Platforms,Learn how to build platforms that deliver STEM education in local languages using AI translation,You will be able to build a localised STEM content platform with AI-powered translation and user contribution workflow,"Content management, NLLB translation integration, admin approval workflow, multi-language delivery, community contribution",Build a functional version of the Techdialect platform with English and one Nigerian language,8 hours,Intermediate
